AddDefaultCharset UTF-8

##
# @version $Id: htaccess.txt 10492 2008-07-02 06:38:28Z ircmaxell $
# @package Joomla
# @copyright Copyright (C) 2005 - 2008 Open Source Matters. All rights reserved.
# @license http://www.gnu.org/copyleft/gpl.html GNU/GPL
# Joomla! is Free Software
##


#####################################################
#  READ THIS COMPLETELY IF YOU CHOOSE TO USE THIS FILE
#
# The line just below this section: 'Options +FollowSymLinks' may cause problems
# with some server configurations.  It is required for use of mod_rewrite, but may already
# be set by your server administrator in a way that dissallows changing it in
# your .htaccess file.  If using it causes your server to error out, comment it out (add # to
# beginning of line), reload your site in your browser and test your SEF url's.  If they work,
# it has been set by your server administrator and you do not need it set here.
#
#####################################################

##  Can be commented out if causes errors, see notes above.
#Options +FollowSymLinks

#
#  mod_rewrite in use

RewriteEngine On
RewriteCond %{REQUEST_FILENAME} !-d
RewriteCond %{REQUEST_URI} ^(.+)/$
RewriteRule ^(.+)/$ /$1 [R=301,L]


###########################################################
## CUSTOM CASHE MODULE EXPRESS ##

#<IfModule mod_gzip.c>
# mod_gzip_on Yes
#  mod_gzip_dechunk Yes
#  mod_gzip_item_include file \.(html?|txt|css|js|php|pl)$
#  mod_gzip_item_include mime ^text\.*
#  mod_gzip_item_include mime ^application/x-javascript.*
#  mod_gzip_item_exclude mime ^image\.*
#  mod_gzip_item_exclude rspheader ^Content-Encoding:.*gzip.*
#</IfModule>

#<IfModule mod_deflate.c>
#  AddOutputFilterByType DEFLATE text/html
#  AddOutputFilterByType DEFLATE application/javascript
#  AddOutputFilterByType DEFLATE text/javascript
#  AddOutputFilterByType DEFLATE text/css
#  <IfModule mod_setenvif.c>
#    BrowserMatch ^Mozilla/4 gzip-only-text/html
#    BrowserMatch ^Mozilla/4\.0[678] no-gzip
#    BrowserMatch \bMSIE !no-gzip !gzip-only-text/html
#  </IfModule>
#</IfModule>

#<IfModule mod_expires.c>
#  ExpiresActive On
#  ExpiresDefault "access 3 days"
#  ExpiresByType js/javascript "access plus 1 months"
#  ExpiresByType css/css "access plus 1 months"
#  ExpiresByType img/png "access plus 1 months"
#  ExpiresByType img/jpg "access plus 1 months"
#  ExpiresByType img/icon "access 1 months"
#  ExpiresByType diagram/gif "now”
#</IfModule>




## END OF CASHE MODULE EXPRESS ##
############################################################



########## Begin - Rewrite rules to block out some common exploits
## If you experience problems on your site block out the operations listed below
## This attempts to block the most common type of exploit `attempts` to Joomla!
#
# Block out any script trying to set a mosConfig value through the URL
RewriteCond %{QUERY_STRING} mosConfig_[a-zA-Z_]{1,21}(=|\%3D) [OR]
# Block out any script trying to base64_encode crap to send via URL
RewriteCond %{QUERY_STRING} base64_encode.*\(.*\) [OR]
# Block out any script that includes a <script> tag in URL
RewriteCond %{QUERY_STRING} (\<|%3C).*script.*(\>|%3E) [NC,OR]
# Block out any script trying to set a PHP GLOBALS variable via URL
RewriteCond %{QUERY_STRING} GLOBALS(=|\[|\%[0-9A-Z]{0,2}) [OR]
# Block out any script trying to modify a _REQUEST variable via URL
RewriteCond %{QUERY_STRING} _REQUEST(=|\[|\%[0-9A-Z]{0,2})
# Send all blocked request to homepage with 403 Forbidden error!
RewriteRule ^(.*)$ index.php [F,L]
#
########## End - Rewrite rules to block out some common exploits

#  Uncomment following line if your webserver's URL
#  is not directly related to physical file paths.
#  Update Your Joomla! Directory (just / for root)

# RewriteBase /


########## Begin - Joomla! core SEF Section
############# Use this section if using ONLY Joomla! core SEF
## ALL (RewriteCond) lines in this section are only required if you actually
## have directories named 'content' or 'component' on your server
## If you do not have directories with these names, comment them out.
#
#RewriteCond %{REQUEST_FILENAME} !-f
#RewriteCond %{REQUEST_FILENAME} !-d
#RewriteCond %{REQUEST_URI} ^(/component/option,com) [NC,OR] ##optional - see notes##
#RewriteCond %{REQUEST_URI} (/|\.htm|\.php|\.html|/[^.]*)$ [NC]
#RewriteRule ^(content/|component/) index.php
#
########## End - Joomla! core SEF Section


########## Begin - 3rd Party SEF Section
############# Use this section if you are using a 3rd party (Non Joomla! core) SEF extension - e.g. OpenSEF, 404_SEF, 404SEFx, SEF Advance, etc
#
RewriteCond %{REQUEST_URI} ^(/component/option,com) [NC,OR] ##optional - see notes##
RewriteCond %{REQUEST_URI} (/|\.htm|\.php|\.html|/[^.]*)$ [NC]
RewriteCond %{REQUEST_FILENAME} !-f
RewriteCond %{REQUEST_FILENAME} !-d
RewriteRule (.*) index.php

#remove index.php for seo issues
RewriteCond %{THE_REQUEST} !^POST
RewriteCond %{THE_REQUEST} ^[A-Z]{3,9}\ /index\.php\ HTTP/
RewriteCond %{SERVER_PORT}>s ^(443>(s)|[0-9]+>s)$
RewriteRule ^index\.php$ https://kdr.kiev.ua/ [R=301,L]


#
########## End - 3rd Party SEF Section

AddDefaultCharset UTF-8

##
# @version $Id: htaccess.txt 10492 2008-07-02 06:38:28Z ircmaxell $
# @package Joomla
# @copyright Copyright (C) 2005 - 2008 Open Source Matters. All rights reserved.
# @license http://www.gnu.org/copyleft/gpl.html GNU/GPL
# Joomla! is Free Software
##


#####################################################
#  READ THIS COMPLETELY IF YOU CHOOSE TO USE THIS FILE
#
# The line just below this section: 'Options +FollowSymLinks' may cause problems
# with some server configurations.  It is required for use of mod_rewrite, but may already
# be set by your server administrator in a way that dissallows changing it in
# your .htaccess file.  If using it causes your server to error out, comment it out (add # to
# beginning of line), reload your site in your browser and test your SEF url's.  If they work,
# it has been set by your server administrator and you do not need it set here.
#
#####################################################

##  Can be commented out if causes errors, see notes above.
#Options +FollowSymLinks

#
#  mod_rewrite in use

RewriteEngine On

########## Begin - Rewrite rules to block out some common exploits
## If you experience problems on your site block out the operations listed below
## This attempts to block the most common type of exploit `attempts` to Joomla!
#
# Block out any script trying to set a mosConfig value through the URL
RewriteCond %{QUERY_STRING} mosConfig_[a-zA-Z_]{1,21}(=|\%3D) [OR]
# Block out any script trying to base64_encode crap to send via URL
RewriteCond %{QUERY_STRING} base64_encode.*\(.*\) [OR]
# Block out any script that includes a <script> tag in URL
RewriteCond %{QUERY_STRING} (\<|%3C).*script.*(\>|%3E) [NC,OR]
# Block out any script trying to set a PHP GLOBALS variable via URL
RewriteCond %{QUERY_STRING} GLOBALS(=|\[|\%[0-9A-Z]{0,2}) [OR]
# Block out any script trying to modify a _REQUEST variable via URL
RewriteCond %{QUERY_STRING} _REQUEST(=|\[|\%[0-9A-Z]{0,2})
# Send all blocked request to homepage with 403 Forbidden error!
RewriteRule ^(.*)$ index.php [F,L]
#
########## End - Rewrite rules to block out some common exploits

#  Uncomment following line if your webserver's URL
#  is not directly related to physical file paths.
#  Update Your Joomla! Directory (just / for root)

# RewriteBase /


########## Begin - Joomla! core SEF Section
############# Use this section if using ONLY Joomla! core SEF
## ALL (RewriteCond) lines in this section are only required if you actually
## have directories named 'content' or 'component' on your server
## If you do not have directories with these names, comment them out.
#
#RewriteCond %{REQUEST_FILENAME} !-f
#RewriteCond %{REQUEST_FILENAME} !-d
#RewriteCond %{REQUEST_URI} ^(/component/option,com) [NC,OR] ##optional - see notes##
#RewriteCond %{REQUEST_URI} (/|\.htm|\.php|\.html|/[^.]*)$ [NC]
#RewriteRule ^(content/|component/) index.php
#
########## End - Joomla! core SEF Section


########## Begin - 3rd Party SEF Section
############# Use this section if you are using a 3rd party (Non Joomla! core) SEF extension - e.g. OpenSEF, 404_SEF, 404SEFx, SEF Advance, etc
#
RewriteCond %{REQUEST_URI} ^(/component/option,com) [NC,OR] ##optional - see notes##
RewriteCond %{REQUEST_URI} (/|\.htm|\.php|\.html|/[^.]*)$ [NC]
RewriteCond %{REQUEST_FILENAME} !-f
RewriteCond %{REQUEST_FILENAME} !-d
RewriteRule (.*) index.php


#
########## End - 3rd Party SEF Section
RewriteCond %{REQUEST_URI} ^/windows-10-popytaetsya-predotvratit-poteryu-dannykh-pri-problemakh-s-diskom-ssd?view=article&id=91&catid=29/$
RewriteRule ^.*$ http://test.kdr.kiev.ua/windows-10-popytaetsya-predotvratit-poteryu-dannykh-pri-problemakh-s-diskom-ssd? [R=301,L]
Redirect 301 /files/modules/pages/266/adata.jpg https://kdr.kiev.ua
Redirect 301 /news/grafik_raboty_na_dekabr_2018.htm https://kdr.kiev.ua/news
Redirect 301 /vazhno-znat/antikrizisnye-tseny-na-vosstanovlenie-dannykh https://kdr.kiev.ua/vazhno-znat
Redirect 301 /files/modules/pub/239/%D0%9D%D0%B5%20%D1%80%D%20%20%20%20%20%20%20%20%20%20%20%20%20%20%20%20%20%20%20%20%3Cbr%20/%3E%3Ca%20href= https://kdr.kiev.ua
Redirect 301 /files/modules/pub/2018/0.jpg https://kdr.kiev.ua
Redirect 301 /kejsy/kingston_dtse9_ne_opredeljaetsja.htm https://kdr.kiev.ua/kejsy/fleshka-kingston-dtse9-ne-opredelyaetsya
Redirect 301 /contacts https://kdr.kiev.ua/contact
Redirect 301 /notebook https://kdr.kiev.ua/vosstanovlenie-zhestkogo-diska/vosstanovlenie-dannykh-noutbuka
Redirect 301 /recovery-ssd https://kdr.kiev.ua/vosstanolenie-ssd-diskov
Redirect 301 /vosstanovlenie_dannyx https://kdr.kiev.ua
Redirect 301 /uk/nasha-laboratoriya/vidnovlennya-danikh-smartfoniv-xiaomi	https://kdr.kiev.ua/vosstanolenie-s-telefonov/vosstanovlenie-dannykh-smartfonov-xiaomi
Redirect 301 /vosstanovlenie-fleshek/vidnovlennya-danikh-z-telefoniv	https://kdr.kiev.ua/vosstanolenie-s-telefonov
Redirect 301 /kejsy/vidnovlennya-danikh-z-telefoniv	https://kdr.kiev.ua/vosstanolenie-s-telefonov
Redirect 301 /sovety-i-rekomendatsii/chto-takoe-smart-hdd-i-kak-rasshifro https://kdr.kiev.ua/sovety-i-rekomendatsii/chto-takoe-smart-hdd-i-kak-rasshifrovat-znacheniya
Redirect 301 https://kdr.kiev.ua/vosstanolenie-ssd-diskov/vosstanovlenie-dannykh-s-ssd https://kdr.kiev.ua/vosstanolenie-ssd-diskov
Redirect 301 /kejsy/sandisk-namerevaetsya-zavoevat-rynok-ssd	https://kdr.kiev.ua/vazhno-znat/sandisk-namerevaetsya-zavoevat-rynok-ssd
Redirect 301 /vazhno-znat/vidnovlennya-danikh-z-telefoniv	https://kdr.kiev.ua/vazhno-znat
Redirect 301 /flesh/GoodRAM.htm	https://kdr.kiev.ua/vosstanovlenie-fleshek/vosstanovlenie-fleshki-goodram
Redirect 301 /uk/nasha-laboratoriya/vosstanovlenie-dannykh-s-telefonov-ukr	https://kdr.kiev.ua/vosstanolenie-s-telefonov
Redirect 301 /uk/vidnovlennia-fleshky/vosstanovlenie-dannykh-s-telefonov-ukr	https://kdr.kiev.ua/vosstanolenie-s-telefonov
Redirect 301 /uk/newyny/tablitsya-iz-zaznachennyam-ob-emom-kart-pam-yati	https://kdr.kiev.ua/vazhno-znat/tablitsa-s-ukazaniem-emkostej-khraneniya-dannykh
Redirect 301 /uk/vidnovlennya-zhorstkogo-diska/vosstanovlenie-dannykh-s-telefonov-ukr	https://kdr.kiev.ua/vosstanolenie-s-telefonov
Redirect 301 /vosstanovlenie-micro-sd/vidnovlennya-danikh-z-telefoniv	https://kdr.kiev.ua/vosstanolenie-s-telefonov
Redirect 301 /uk/vazhlivo-znati/antikrizovi-tsini-na-vidnovlennya-danikh	https://kdr.kiev.ua/news
Redirect 301 /news/grafik_raboty_na_dekabr_2018.htm	https://kdr.kiev.ua/news
Redirect 301 /card https://kdr.kiev.ua/vosstanolenie-s-kart-pamyati
Redirect 301 /vosstanovlenie_dannyx_s_monolitnyx_fleshek.htm https://kdr.kiev.ua/vosstanovlenie-micro-sd
Redirect 301 /vosstanolenie-s-kart-pamyati/MicroSD.htm  https://kdr.kiev.ua/vosstanovlenie-micro-sd
Redirect 301 /news/ne_viden_vneshnij_zhestkij_disk--chto_delat_.htm https://kdr.kiev.ua/sovety-i-rekomendatsii/ne-viden-vneshnij-zhestkij-disk-chto-delat
Redirect 301 /ua https://kdr.kiev.ua/uk
Redirect 301 /uk/vazhlivo-znati/antikrizovi-tsini-na-vidnovlennya-danikh https://kdr.kiev.ua/uk
Redirect 301 /uk/vidnovlennya-zhorstkogo-diska/vosstanovlenie-dannykh-s-telefonov-ukr https://kdr.kiev.ua/uk/vidnovlennya-zhorstkogo-diska
Redirect 301 /vosstanovlenie-micro-sd/vidnovlennya-danikh-z-telefoniv https://kdr.kiev.ua/vosstanovlenie-micro-sd
Redirect 301 /uk/sd-data-recovery https://kdr.kiev.ua/sd-data-recovery
Redirect 301 /neispravnosti-fleshek https://kdr.kiev.ua/sovety-i-rekomendatsii/neispravnosti-fleshek
Redirect 301 /vosstanolenie-s-kart-pamyati/recovery-video.htm	https://kdr.kiev.ua/vosstanolenie-s-kart-pamyati/vosstanovlenie-video-s-karty-pamyati
Redirect 301 /vosstanolenie-ssd-diskov/ssd-crucial.htm	https://kdr.kiev.ua/vosstanolenie-ssd-diskov/vosstanovlenie-ssd-crucial
Redirect 301 /vosstanolenie-ssd-diskov/ssd-corsair.htm	https://kdr.kiev.ua/vosstanolenie-ssd-diskov/vosstanovlenie-ssd-corsair
Redirect 301 /vosstanolenie-ssd-diskov/ssd-intel.htm	https://kdr.kiev.ua/vosstanolenie-ssd-diskov/vosstanovlenie-ssd-intel
Redirect 301 /vosstanolenie-ssd-diskov/ssd-sp.htm	https://kdr.kiev.ua/vosstanolenie-ssd-diskov/vosstanovlenie-ssd-silicon-power
Redirect 301 /vosstanolenie-ssd-diskov/ssd-transcend.htm	https://kdr.kiev.ua/vosstanolenie-ssd-diskov/vosstanovlenie-ssd-transcend
Redirect 301 /vosstanolenie-ssd-diskov/ssd-plextor.htm	https://kdr.kiev.ua/vosstanolenie-ssd-diskov/vosstanovlenie-ssd-plextor
Redirect 301 /vosstanolenie-ssd-diskov/ssd-kingston.htm	https://kdr.kiev.ua/vosstanolenie-ssd-diskov/vosstanovlenie-ssd-kingston
Redirect 301 /vosstanolenie-ssd-diskov/goodram.htm	https://kdr.kiev.ua/vosstanolenie-ssd-diskov/vosstanovlenie-ssd-goodram
Redirect 301 /vosstanolenie-s-kart-pamyati/format.htm	https://kdr.kiev.ua/vosstanolenie-s-kart-pamyati/vosstanovlenie-dannykh-posle-formatirovaniya-karty-pamyati
Redirect 301 /vosstanolenie-s-kart-pamyati/del_card.htm	https://kdr.kiev.ua/vosstanolenie-s-kart-pamyati/vosstanovlenie-udalennykh-fajlov-s-karty-pamyati
Redirect 301 /vosstanolenie-s-kart-pamyati/recovery_fotoapparat.htm	https://kdr.kiev.ua/vosstanolenie-s-kart-pamyati/vosstanovlenie-udalennykh-fajlov-s-fotoapparata
Redirect 301 /uk/kejsu/vidnovlennya-vidalenikh-fajliv-z-zhorstkogo-diska-2 https://kdr.kiev.ua/uk/kejsu/vidnovlennya-vidalenikh-fajliv-z-zhorstkogo-diska
Redirect 301 /vosstanolenie-ssd-diskov/ssd-sandisk.htm	https://kdr.kiev.ua/vosstanolenie-ssd-diskov/vosstanovlenie-ssd-sandisk
Redirect 301 /vosstanolenie-ssd-diskov/ssd-smartbuy.htm	https://kdr.kiev.ua/vosstanolenie-ssd-diskov/vosstanovlenie-ssd-smartbuy
Redirect 301 /vosstanolenie-ssd-diskov/ssd-ocz.htm	https://kdr.kiev.ua/vosstanolenie-ssd-diskov/vosstanovlenie-ssd-ocz
Redirect 301 /vosstanolenie-ssd-diskov/ssd-a-data.htm	https://kdr.kiev.ua/vosstanolenie-ssd-diskov/vosstanovlenie-ssd-a-data
Redirect 301 /vosstanolenie-ssd-diskov/ssd-samsung.htm https://kdr.kiev.ua/vosstanolenie-ssd-diskov/vosstanovlenie-ssd-samsung
Redirect 301 /vosstanolenie-s-kart-pamyati/recovery_photo.htm	https://kdr.kiev.ua/vosstanolenie-s-kart-pamyati/vosstanovlenie-foto-s-karty-pamyati
Redirect 301 /vosstanolenie-s-kart-pamyati/sd.htm	https://kdr.kiev.ua/sd-data-recovery
Redirect 301 /vosstanovlenie_dannyx_s_karty_pamjati.htm	https://kdr.kiev.ua/vosstanolenie-s-kart-pamyati
Redirect 301 /sd.htm	https://kdr.kiev.ua/sd-data-recovery
Redirect 301 /uk/hdd-chasti-pytannya https://kdr.kiev.ua/uk/porady-ta-rekomendatsii/faq-vidnovlennya-danikh-z-zhorstkikh-diskiv
Redirect 301 /uk/fleshky-chasti-zapytannya https://kdr.kiev.ua/uk/vazhlivo-znati/fleshki-chasti-pitannya
Redirect 301 /news/sandisk--problemmy_vosstanovlenija_dannyx.htm https://kdr.kiev.ua/vazhno-znat/sandisk-problemy-vosstanovleniya-dannykh
Redirect 301 /news/SDXC-Lexar-Professional-1TB-633X-UHS1.htm https://kdr.kiev.ua/vazhno-znat/karta-pamyati-sdxc-lexar-professional-na-1tb
Redirect 301 /news/seagate-skyhawk-ai--zhestkij-disk-na-18-tb-dlja-sistem-videonabljudenija-s-ai.htm https://kdr.kiev.ua/vazhno-znat/seagate-skyhawk-ai-zhestkij-disk-na-18-tb-dlya-sistem-videonablyudeniya-s-ai
Redirect 301 /flesh/A-Data.htm https://kdr.kiev.ua/vosstanovlenie-fleshek/vosstanovlenie-dannykh-s-fleshki-a-data
Redirect 301 /vosstanovlenie-fleshek/lexar.htm https://kdr.kiev.ua/vosstanovlenie-fleshek/vosstanovlenie-fleshki-lexar
Redirect 301 /vosstanovlenie-fleshek/format-flashki.htm https://kdr.kiev.ua/vosstanovlenie-fleshek/vosstanovlenie-fleshki-posle-formatirovaniya
Redirect 301 /uk/vidnovlennia-hdd https://kdr.kiev.ua/uk/vidnovlennya-zhorstkogo-diska
Redirect 301 /uk/raid-masyv https://kdr.kiev.ua/uk/vidnovlennia-z-raid
Redirect 301 /uk/raid-massive https://kdr.kiev.ua/uk/vidnovlennia-z-raid
Redirect 301 /vosstanolenie-raid/raid_0.htm https://kdr.kiev.ua/vosstanolenie-raid/vosstanovlenie-raid-0
Redirect 301 /vosstanolenie-raid/raid_1.htm https://kdr.kiev.ua/vosstanolenie-raid/vosstanovlenie-raid-1
Redirect 301 /vosstanolenie-raid/raid_10.htm https://kdr.kiev.ua/vosstanolenie-raid/vosstanovlenie-raid-10
Redirect 301 /vosstanolenie-raid/raid_50.htm https://kdr.kiev.ua/vosstanolenie-raid/vosstanovlenie-raid-50
Redirect 301 /vosstanolenie-raid/raid_5.htm https://kdr.kiev.ua/vosstanolenie-raid/vosstanovlenie-dannykh-s-raid-5
Redirect 301 /vosstanovlenie-vneshnego-zhestkogo-diska/wd_my_passport.htm https://kdr.kiev.ua/vosstanovlenie-vneshnego-zhestkogo-diska/vosstanovlenie-wd-my-passport
Redirect 301 /vosstanovlenie-vneshnego-zhestkogo-diska/seagate.htm https://kdr.kiev.ua/vosstanovlenie-vneshnego-zhestkogo-diska/vosstanovlenie-dannykh-s-vneshnego-zhestkogo-diska-seagate
Redirect 301 / https://kdr.kiev.ua
Redirect 301 /vosstanovlenie_dannyx_posle_formatirovanija.htm https://kdr.kiev.ua/vosstanolenie-s-kart-pamyati/vosstanovlenie-karty-pamyati-posle-formatirovaniya
Redirect 301 /kart-pamyati/sd-data-recovery https://kdr.kiev.ua/sd-data-recovery
Redirect 301 /nasha-laboratoriyaupgrade_pc_3000_flash.htm https://kdr.kiev.ua/nasha-laboratoriya/apgrejd-pc-3000-flash
Redirect 301 /news/sandisk_ssd_lightning_2_dlja_data-tsentrov.htm https://kdr.kiev.ua/vazhno-znat/sandisk-ssd-lightning-2-dlya-data-tsentrov
Redirect 301 /uk/vidnovlennia-kart-pamiati https://kdr.kiev.ua/uk/vidnovlennia-z-kart-pamiati
Redirect 301 /uk/vidnovlennia-danykh-z-fleshky https://kdr.kiev.ua/uk/vidnovlennia-fleshky
Redirect 301 /uk/vidnovlennya-fleshka https://kdr.kiev.ua/uk/vidnovlennia-fleshky
Redirect 301 /Восстановления%20данных%20с%20флешки/ https://kdr.kiev.ua/vosstanovlenie-fleshek
Redirect 301 /uslugi_vosstanovlenija_dannyx_s_fleshki.htm https://kdr.kiev.ua/vosstanovlenie-fleshek
Redirect 301 /uk/z-ssd https://kdr.kiev.ua/uk/vidnovlennia-danykh-ssd
Redirect 301 /uk/c-telefoniv https://kdr.kiev.ua/uk/vidnovlennia-z-telefonu
Redirect 301 /uk/nashi-roboty https://kdr.kiev.ua/uk/kejsu
Redirect 301 /uk/vazhlivo-znati/vidnovlennya-danikh-na-fleshtsi-transcend-jet-flash-600 https://kdr.kiev.ua/uk/kejsu/vidnovlennya-danikh-na-fleshtsi-transcend-jet-flash-600
Redirect 301 /vosstanovlenie-vneshnego-zhestkogo-diska/Verbatim.htm https://kdr.kiev.ua/vosstanovlenie-vneshnego-zhestkogo-diska/vosstanovlenie-hdd-adata
Redirect 301 /flesh/toshiba.htm https://kdr.kiev.ua/vosstanovlenie-fleshek/vosstanovlenie-fleshki-toshiba
Redirect 301 /flesh/verico.htm https://kdr.kiev.ua/vosstanovlenie-fleshek/vosstanovlenie-fleshki-verico
Redirect 301 /flesh/silicon_power.htm https://kdr.kiev.ua/vosstanovlenie-fleshek/vosstanovlenie-dannykh-s-fleshki-silicon-power
Redirect 301 /algoritm-raboty-s-klientami?view=article&id=330:akt-tekhnicheskoj-ekspertizy&catid=29 https://kdr.kiev.ua/algoritm-raboty-s-klientami
Redirect 301 /cases/vosstanovlenie_fleshki_adata_uv100_.htm https://kdr.kiev.ua/kejsy/vosstanovlenie-fleshki-adata-uv100
Redirect 301 /news/formatirovanie_fleshki_v_format_ntfs.htm https://kdr.kiev.ua/vazhno-znat/formatirovanie-fleshki-v-ntfs
Redirect 301 /news/hdd-ne-videt-bios.htm https://kdr.kiev.ua/sovety-i-rekomendatsii/zhestkij-disk-ne-vedetsya-v-bios
Redirect 301 /vosstanovlenie_dannyx/vosstanovlenie_dannyx_s_ssd.htm https://kdr.kiev.ua/vosstanolenie-ssd-diskov
Redirect 301 /uk/vazhlivo-znati/akt-tekhnichnoji-ekspertizi-na-fleshki-hdd https://kdr.kiev.ua/uk/newyny/akt-tekhnichnoji-ekspertizi-na-fleshki-hdd
Redirect 301 /vazhno-znat/pochemu-ssd-ne-opredelyaetsya-kak-obnaruzhit-i-ustranit-defekty-tverdotelnogo-nakopitelya https://kdr.kiev.ua/sovety-i-rekomendatsii/pochemu-ssd-ne-opredelyaetsya-kak-obnaruzhit-i-ustranit-defekty-tverdotelnogo-nakopitelya
Redirect 301 /s-microsd-monolity https://kdr.kiev.ua/vosstanovlenie-micro-sd
Redirect 301 /flesh/vosstanovit_udalennye_foto_s_fleshki.htm https://kdr.kiev.ua/vosstanovlenie-fleshek/vosstanovit-udalennye-foto-s-fleshki
Redirect 301 /uk/z-telefoniv https://kdr.kiev.ua/uk/vidnovlennia-z-telefonu
Redirect 301 /cdn-cgi/l/email-protection /
Redirect 301 /kejsy/vosstanovlenie-udalennyx-fajlov-s-zhestkogo-diska.htm https://kdr.kiev.ua/kejsy/vosstanovlenie-udalennykh-fajlov-s-zhestkogo-diska
Redirect 301 /cases/microsd-sandisk-ultra.htm https://kdr.kiev.ua/kejsy/microsd-sandisk-ultra-ne-rabotaet
Redirect 301 /news/antikrizisnye_tseny.htm /vazhno-znat/
Redirect 301 /news/pozdravlenie_s_8_marta.htm https://kdr.kiev.ua/news/pozdravlenie-s-8-marta
Redirect 301 /card/card-format.htm https://kdr.kiev.ua/vosstanolenie-s-kart-pamyati/vosstanovlenie-dannykh-posle-formatirovaniya-karty-pamyati
Redirect 301 /smartphone/android_planshet.htm https://kdr.kiev.ua/vosstanolenie-s-telefonov/vosstanovlenie-dannykh-s-android-plansheta
Redirect 301 /news/wd-my-book-duo-20tb-schastja.htm https://kdr.kiev.ua/vazhno-znat/wd-my-book-duo-20tb-schastya
Redirect 301 /equipment/pajalnaja_stantsija_lukey_852dfan.htm https://kdr.kiev.ua/nasha-laboratoriya/payalnaya-stantsiya-lukey-852d-fan
Redirect 301 /cases/vneshnij-disk-transcend-posle-formatirovanija.htm https://kdr.kiev.ua/kejsy/vneshnij-disk-transcend-posle-formatirovaniya
Redirect 301 /usb-hdd/toshiba.htm https://kdr.kiev.ua/vosstanovlenie-vneshnego-zhestkogo-diska/vosstanovlenie-vneshnego-diska-toshiba
Redirect 301 /news/redksonye_karty_pamjati_s_parametrom_class_16.htm https://kdr.kiev.ua/vazhno-znat/redkie-karty-pamyati-s-parametrom-class-16
Redirect 301 /usb-hdd/ADATA.htm https://kdr.kiev.ua/vosstanovlenie-vneshnego-zhestkogo-diska/vosstanovlenie-hdd-adata
Redirect 301 /cases/fejkovaja_transcent_sd_xc_64gb.htm https://kdr.kiev.ua/kejsy/fejkovaya-transcent-sd-xc-64gb
Redirect 301 /smartphone/sony.htm https://kdr.kiev.ua/vosstanolenie-s-telefonov/vosstanovlenie-dannykh-telefona-sony
Redirect 301 /cases/vosstanovlenie_dannyx_s_dvr_hicvision.htm https://kdr.kiev.ua/kejsy/vosstanovlenie-dannykh-s-dvr-hicvision
Redirect 301 /cases/vosstanovlenie-dannyx-s-zhestkix-diskov-western-digital-uspeshnaja-praktika-i-kejsy.htm https://kdr.kiev.ua/kejsy/vosstanovlenie-dannykh-s-zhestkikh-diskov-western-digital-uspeshnaya-praktika-i-kejsy
Redirect 301 /vosstanovlenie-fleshek/vosstanovlenie-fajlov-s-fleshki-raw.htm https://kdr.kiev.ua/vosstanovlenie-fleshek/vosstanovlenie-fajlov-s-fleshki-raw
Redirect 301 /vosstanovlenie_dannyx/vosstanovlenie-karty-pamjati-kiev.htm https://kdr.kiev.ua/vosstanolenie-s-kart-pamyati/vosstanovlenie-karty-pamyati-kiev
Redirect 301 /flesh/apacer.htm https://kdr.kiev.ua/vosstanovlenie-fleshek/vosstanovlenie-fleshki-apacer
Redirect 301 /flesh/goodram.htm https://kdr.kiev.ua/vosstanovlenie-fleshek/vosstanovlenie-fleshki-goodram
Redirect 301 /news/vosstanovlenie_dannyx_na_sd.htm https://kdr.kiev.ua/kejsy/vosstanovlenie-dannykh-na-karte-pamyati-sd-transcend
Redirect 301 /cases/vosstanovlenie-seagate-st2000lm007.htm https://kdr.kiev.ua/kejsy/vosstanovlenie-dannykh-seagate-st2000lm007
Redirect 301 /news/chto-delat-kogda-noutbuk-ne-vidit-zhestkij-disk.htm https://kdr.kiev.ua/sovety-i-rekomendatsii/chto-delat-kogda-noutbuk-ne-vidit-zhestkij-disk
Redirect 301 /usb-hdd/hdd_silicon_power.htm https://kdr.kiev.ua/vosstanovlenie-vneshnego-zhestkogo-diska/vosstanovlenie-hdd-silicon-power
Redirect 301 /news/adata-predstavila-ssd-nakopiteli-serii-isss333-plp.htm https://kdr.kiev.ua/vazhno-znat/adata-predstavila-ssd-nakopiteli-serii-isss333-plp
Redirect 301 /news/skidka_ne_kommercheskaja_informatsija.htm https://kdr.kiev.ua/vazhno-znat
Redirect 301 /vosstanovlenie-vneshnego-zhestkogo-diska/Transcend.htm https://kdr.kiev.ua/vosstanovlenie-vneshnego-zhestkogo-diska/vosstanovlenie-dannykh-s-zhestkikh-diskov-transcend
Redirect 301 /news/vosstanovlenie_udalennyx_fajlov_s_fleshki.htm https://kdr.kiev.ua/vosstanovlenie-fleshek/vosstanovlenie-udalennykh-fajlov-s-fleshki
Redirect 301 /smartphone/samsung.htm https://kdr.kiev.ua/vosstanolenie-s-telefonov/vosstanovlenie-dannykh-telefona-samsung
Redirect 301 /vosstanolenie-s-telefonovsamsung.htm https://kdr.kiev.ua/vosstanolenie-s-telefonov/vosstanovlenie-dannykh-telefona-samsung
Redirect 301 /uslugivosstanovlenie_dannyx_s_ssd.htm https://kdr.kiev.ua/vosstanolenie-ssd-diskov
Redirect 301 /vosstanovlenie_dannyx/vosstanovlenie_dannyx_s_ssd_.htm https://kdr.kiev.ua/vosstanolenie-ssd-diskov
Redirect 301 /news/chto-takoe-smart-zhestkogo-diska-i-kak-rasshifrovat-znachenija.htm https://kdr.kiev.ua/sovety-i-rekomendatsii/chto-takoe-smart-hdd-i-kak-rasshifrovat-znacheniya
Redirect 301 /news/razlichija_mezhdu_sd_sd_hc_i_sd_xc_kartami_pamjati.htm https://kdr.kiev.ua/vazhno-znat/razlichiya-mezhdu-sd-sd-hc-i-sd-xc-kartami-pamyati
Redirect 301 /vosstanovlenie_dannyx/sd.htm https://kdr.kiev.ua/sd-data-recovery
Redirect 301 /samsung.htm https://kdr.kiev.ua/vosstanovlenie-zhestkogo-diska/vosstanovlenie-zhestkogo-diska-samsung
Redirect 301 /vosstanolenie-s-kart-pamyativosstanovlenie_microsd_silicon_power.htm https://kdr.kiev.ua/vosstanovlenie-micro-sd/vosstanovlenie-microsd-silicon-power
Redirect 301 /vosstanolenie-s-telefonovvosstanovlenie_karty_pamjati_telefona.htm https://kdr.kiev.ua/vosstanolenie-s-telefonov/vosstanovlenie-dannykh-s-karty-pamyati-telefona
Redirect 301 /smartphone/Xiaomi.htm https://kdr.kiev.ua/vosstanolenie-s-telefonov/vosstanovlenie-dannykh-smartfonov-xiaomi
Redirect 301 /uk/robota-pid-chas-zymovoho-karantynu https://kdr.kiev.ua/uk/newyny/robota-pid-chas-zimovogo-karantinu-2
Redirect 301 /vazhno-znat/udalennoe-vosstanovlenie-dannykh https://kdr.kiev.ua/news/udalennoe-vosstanovlenie-dannykh
Redirect 301 /flash/ https://kdr.kiev.ua/vosstanovlenie-fleshek
Redirect 301 /flesh https://kdr.kiev.ua/vosstanovlenie-fleshek
Redirect 301 /news/kak-ne-poterjat-dannye-na-vneshnem-diske.htm https://kdr.kiev.ua/sovety-i-rekomendatsii/kak-ne-poteryat-dannye-na-vneshnem-diske
Redirect 301 /news/about.htm https://kdr.kiev.ua/kto-takie-kiev-data-recovery
Redirect 301 /kejsy/vosstanovlenie-fotografij-s-diska-wd-my-passport.htm https://kdr.kiev.ua/kejsy/vosstanovlenie-fotografij-s-diska-wd-my-passport
Redirect 301 /kejsy/samsung-galaxy-tab-3.htm https://kdr.kiev.ua/kejsy/vosstanovlenie-fotografij-s-android-plansheta-samsung-galaxy-tab-3
Redirect 301 /kejsy/disk_ne_initsializirovan_kak_vosstanovit_dannye.htm https://kdr.kiev.ua/kejsy/disk-ne-initsializirovan-kak-vosstanovit-dannye
Redirect 301 /kejsy/vosstanovlenie_1s_i_rabochix_dokumentov_s_raid10.htm https://kdr.kiev.ua/kejsy/vosstanovlenie-1s-i-rabochikh-dokumentov-s-raid10
Redirect 301 /news/chto-delat-esli-vneshnij-zhestkij-disk-ne-opredeljaetsja-na-kompjutere.htm https://kdr.kiev.ua/sovety-i-rekomendatsii/ne-viden-vneshnij-zhestkij-disk-chto-delat
Redirect 301 /reference https://kdr.kiev.ua/otzyvy
Redirect 301 /equipment/pc3000_udma.htm https://kdr.kiev.ua/nasha-laboratoriya/pc3000-udma
Redirect 301 /nasha-laboratoriyavosstanovlenie_dannyx/vosstanovlenie_dannyx/vosstanovlenie_dannyx_posle_formatirovanija.htm https://kdr.kiev.ua/nasha-laboratoriya/
Redirect 301 /about.htm https://kdr.kiev.ua/kto-takie-kiev-data-recovery
Redirect 301 /news/oshibka--karta_pamjati_povrezhdena.htm https://kdr.kiev.ua/sovety-i-rekomendatsii/oshibka-karta-pamyati-povrezhdena
Redirect 301 /news/letnij_otpusk.htm https://kdr.kiev.ua/news
Redirect 301 /news/otpusk.htm https://kdr.kiev.ua/news
Redirect 301 /news/bolnichnyj.htm https://kdr.kiev.ua/news
Redirect 301 /news/zimnij_otpusk.htm https://kdr.kiev.ua/news
Redirect 301 /news/zimnij_otpusk_2015.htm https://kdr.kiev.ua/news
Redirect 301 /news/nova_era_plotnosti_zapisi_hdd_uzhe_ne_za_gorami.htm https://kdr.kiev.ua/vazhno-znat/nova-era-plotnosti-zapisi-hdd-uzhe-ne-za-gorami
Redirect 301 /uk/kejsy https://kdr.kiev.ua/uk/kejsu
Redirect 301 /vazhno-znat/tseny-na-vosstanovlenie-dannykh-snizheny /vazhno-znat/
Redirect 301 /vosstanovlenie-vneshnego-zhestkogo-diska/WD.htm https://kdr.kiev.ua/vosstanovlenie-vneshnego-zhestkogo-diska/vosstanovlenie-dannykh-s-vneshnego-zhestkogo-diska-western-digital
Redirect 301 /uk/z-microsd-monolity https://kdr.kiev.ua/uk/vidnovlennia-micro-sd
Redirect 301 /news/pokupaem_ne_rabochie_fleshki.htm https://kdr.kiev.ua/news/pokupaem-neispravnye-zhestkie-diski-i-ssd-na-zapchasti
Redirect 301 /news/vosstanovlenie_fotografij_s_karty_pamjati_.htm https://kdr.kiev.ua/kejsy/vosstanovlenie-fotografij-s-sdhc-karty-pamyati-32gb-kingstone
Redirect 301 /news/hdrinua--nash_partner_po_vosstanovleniju_dannyx_s_zheskix_diskov.htm https://kdr.kiev.ua/rabota-s-partnerami
Redirect 301 /vosstanovlenie_dannyx/sony_memory_stick.htm https://kdr.kiev.ua/vosstanolenie-s-kart-pamyati/vosstanovlenie-karty-pamyati-sony-memory-stick
Redirect 301 /vosstanovlenie_dannyx_s_telefonov.htm https://kdr.kiev.ua/vosstanolenie-s-telefonov
Redirect 301 /vosstanovlenie_dannyx/vosstanovlenie_dannyx_s_hdd.htm https://kdr.kiev.ua/vosstanovlenie-vneshnego-zhestkogo-diska
Redirect 301 /uslugivosstanovlenie_dannyx_s_zhestkogo_diska.htm https://kdr.kiev.ua/vosstanovlenie-vneshnego-zhestkogo-diska
Redirect 301 /usb-hdd https://kdr.kiev.ua/vosstanovlenie-vneshnego-zhestkogo-diska
Redirect 301 /news/vosstanovlenie_dannyx_s_monolitnyx_nakopitelej.htm https://kdr.kiev.ua/vazhno-znat/vosstanovlenie-dannykh-s-monolitnykh-fleshek
Redirect 301 /uslugivosstanovlenie_dannyx_s_monolitnyx_fleshek.htm https://kdr.kiev.ua/vazhno-znat/vosstanovlenie-dannykh-s-monolitnykh-fleshek
Redirect 301 /vosstanovlenie_dannyx/remont_hdd.htm https://kdr.kiev.ua/vosstanovlenie-zhestkogo-diska/remont-zhestkogo-diska
Redirect 301 /vosstanovlenie_dannyx/cf.htm https://kdr.kiev.ua/vosstanolenie-s-kart-pamyati/vosstanovlenie-dannykh-s-compact-flash
Redirect 301 /news/vosstanovlenie_dannyx_posle_formatirovanija_karty_pamjati https://kdr.kiev.ua/vosstanolenie-s-kart-pamyati/vosstanovlenie-dannykh-posle-formatirovaniya-karty-pamyati
Redirect 301 /news/vosstanovlenie_dannyx_posle_formatirovanija_karty_pamjati.htm  https://kdr.kiev.ua/vosstanolenie-s-kart-pamyati/vosstanovlenie-dannykh-posle-formatirovaniya-karty-pamyati
Redirect 301 /cases/ne_rabotaet_fleshka_transcend_na_2gb.htm https://kdr.kiev.ua/kejsy/ne-rabotaet-fleshka-transcend-na-2gb
Redirect 301 /cases/missija_vosstanovit_dannye_s_fleshki_transcent_jf85_2gb.htm https://kdr.kiev.ua/kejsy/missiya-vosstanovit-dannye-s-fleshki-transcent-jf85-2gb
Redirect 301 /cases/vosstanovlenie-fleshki-kingston-data-traveler-100-g3.htm https://kdr.kiev.ua/kejsy/vosstanovlenie-fleshki-kingston-data-traveler-100-g3
Redirect 301 /news/vosstanovlenie_dannyx_s_flash_silicon_power_8gb.htm https://kdr.kiev.ua/kejsy/vosstanovlenie-dannykh-s-flash-silicon-power-8gb
Redirect 301 /news/vosstanovlenie_dannyx_s_karty_pamjati_sd.htm https://kdr.kiev.ua/vazhno-znat/vosstanovlenie-dannykh-s-karty-pamyati-sd
Redirect 301 /cases/vosstanovit_foto_s_karty_compact_flash_ot_transcend.htm https://kdr.kiev.ua/kejsy/vosstanovit-foto-s-karty-compact-flash-ot-transcend
Redirect 301 /kart-pamyati https://kdr.kiev.ua/vosstanolenie-s-kart-pamyati/vosstanovlenie-karty-pamyati-kiev

Redirect 301 https://kdr.kiev.ua/vosstanolenie-s-kart-pamyati/vosstanovlenie-karty-pamyati-kiev https://kdr.kiev.ua/ru/vosstanolenie-s-kart-pamyati/vosstanovlenie-karty-pamyati-kiev

Redirect 301 /news/vosstanovlenie_dannyx_s_karty_pamjati_cf_trancent_400x_16gb.htm https://kdr.kiev.ua/kejsy/vosstanovlenie-dannykh-s-karty-pamyati-cf-trancent-400x-16gb
Redirect 301 /news/samostojatelnaja_diagnostika_oshibki_disk_ne_formatirovan.htm https://kdr.kiev.ua/sovety-i-rekomendatsii/samostoyatelnaya-diagnostika-oshibki-disk-ne-formatirovan
Redirect 301 /hdd https://kdr.kiev.ua/vosstanovlenie-zhestkogo-diska
Redirect 301 /uk/vazhlivo-znati/intel-prekratit-vypusk-serii-ssd-665p-v-nachale-2021-goda-2-ukr https://kdr.kiev.ua/uk/vazhlivo-znati/intel-pripinit-vipusk-seriji-ssd-665p-na-pochatku-2021-roku
Redirect 301 /oshibka_nakopitelja_prezhde_chem_ispolzovat_disk_v_diskovode_f_ego_nuzhno_otformatirovat.htm /vazhno-znat/prezhde-chem-ispolzovat-disk-nuzhno-otformatirovat
Redirect 301 /news/metodika_vosstanovlenija_dannyx_s_fleshki_.htm https://kdr.kiev.ua/metodika-vosstanovleniya-fajlov-s-fleshki
Redirect 301 /cases/kingston_sdhc_na_32gb.htm https://kdr.kiev.ua/kejsy/vosstanovlenie-dannykh-na-karte-pamyati-kingston-sdhc
Redirect 301 /cases/cf_apacer_iz_danii.htm https://kdr.kiev.ua/kejsy/compact-flash-apacer-iz-danii
Redirect 301 /cases/ridata_sd_hc_na_32gb.htm https://kdr.kiev.ua/kejsy/vosstanovlenie-dannykh-s-sd-hc-ridata
Redirect 301 /news/vosstanovlenie_dannyx_s_sony_memory_stick_pro_duo_4gb.htm https://kdr.kiev.ua/kejsy/vosstanovlenie-dannykh-na-sony-ms-pro-duo-4gb
Redirect 301 /news/chto_takoe_klass_karty_pamjati--est_otvet.htm https://kdr.kiev.ua/vazhno-znat/chto-takoe-klass-karty-pamyati-est-otvet
Redirect 301 /udalennoe_vosstanovlenie_dannyx.htm https://kdr.kiev.ua/news/udalennoe-vosstanovlenie-dannykh
Redirect 301 /equipment/pk_dlja_vosstanovlenie_dannyx.htm https://kdr.kiev.ua/nasha-laboratoriya/pk-dlya-vosstanovlenie-dannykh
Redirect 301 /news/prezhde_chem_ispolzovat_disk_v_diskovode_f_ego_nuzhno_otformatirovat.htm https://kdr.kiev.ua/vazhno-znat/prezhde-chem-ispolzovat-disk-nuzhno-otformatirovat
Redirect 301 /recovery-avto-dvr.htm https://kdr.kiev.ua/vosstanolenie-s-kart-pamyati/vosstanovlenie-dannykh-s-avtomobilnogo-videoregistratora
Redirect 301 /smartphone https://kdr.kiev.ua/vosstanolenie-s-telefonov
Redirect 301 /cases/microsd-posle-sboja-smartfona.htm https://kdr.kiev.ua/kejsy/microsd-posle-sboya-smartfona
Redirect 301 /cases/fleshka_fleshki_kingston_dt_r30_g2_na_32gb.htm https://kdr.kiev.ua/kejsy/fleshka-kingston-dt-r3-0-g2-na-32gb
Redirect 301 /cases/ https://kdr.kiev.ua/kejsy/
Redirect 301 /cases https://kdr.kiev.ua/kejsy/
Redirect 301 /kejsy/vosstanovlenie-seagate-baracuda-1tb.htm https://kdr.kiev.ua/kejsy/vosstanovlenie-seagate-baracuda-1tb
Redirect 301 /kejsy/zhestkij_disk_raw.htm https://kdr.kiev.ua/kejsy/zhestkij-disk-raw
Redirect 301 /kejsy/sdhc_qumo_na_16gb.htm https://kdr.kiev.ua/kejsy/sdhc-na-16gb
Redirect 301  /cases/sdhc_qumo_na_16gb.htm https://kdr.kiev.ua/kejsy/sdhc-na-16gb
Redirect 301 /cases/sdhc_transcent_32gb.htm https://kdr.kiev.ua/kejsy/sdhc-transcent-32gb
Redirect 301 /kejsy/sdhc_transcent_32gb.htm https://kdr.kiev.ua/kejsy/sdhc-transcent-32gb
Redirect 301 /cases/vosstanovlenie_fotografij_na_karte_pamjati_sdhc_sp_16gb.htm https://kdr.kiev.ua/kejsy/vosstanovlenie-fotografij-s-sdhc-karty-pamyati-32gb-kingstone
Redirect 301 /kejsy/vosstanovlenie_fotografij_na_karte_pamjati_sdhc_sp_16gb.htm https://kdr.kiev.ua/kejsy/vosstanovlenie-fotografij-s-sdhc-karty-pamyati-32gb-kingstone
Redirect 301 /kejsy/silicon_power_sdhc_16gb.htm https://kdr.kiev.ua/kejsy/silicon-power-sdhc-16gb
Redirect 301	/recovery-ssd/ https://kdr.kiev.ua/vosstanolenie-ssd-diskov
Redirect 301 /ssd https://kdr.kiev.ua/vosstanolenie-ssd-diskov
Redirect 301 /telefon https://kdr.kiev.ua/vosstanolenie-s-telefonov
Redirect 301 /microsd-monolity https://kdr.kiev.ua/vosstanovlenie-micro-sd
Redirect 301 /dannykh-s-fleshki https://kdr.kiev.ua/vosstanovlenie-fleshek
Redirect 301 /rabota-s-regionami https://kdr.kiev.ua/dostavka
Redirect 301	/recovery-ssd/ssd-intel.htm https://kdr.kiev.ua/vosstanolenie-ssd-diskov/vosstanovlenie-ssd-intel
Redirect 301	/vosstanolenie-ssd-diskovssd-intel.htm https://kdr.kiev.ua/vosstanolenie-ssd-diskov/vosstanovlenie-ssd-intel
Redirect 301	/vosstanolenie-ssd-diskovremont-ssd.htm https://kdr.kiev.ua/vosstanolenie-ssd-diskov/remont-ssd
Redirect 301	/recovery-ssd/ssd-smartbuy.htm	https://kdr.kiev.ua/vosstanolenie-ssd-diskov/vosstanovlenie-ssd-smartbuy
Redirect 301	/vosstanolenie-ssd-diskovssd-smartbuy.htm	https://kdr.kiev.ua/vosstanolenie-ssd-diskov/vosstanovlenie-ssd-smartbuy
Redirect 301	/recovery-ssd/ssd-kingston.htm	https://kdr.kiev.ua/vosstanolenie-ssd-diskov/vosstanovlenie-ssd-kingston
Redirect 301	/vosstanolenie-ssd-diskovssd-kingston.htm	https://kdr.kiev.ua/vosstanolenie-ssd-diskov/vosstanovlenie-ssd-kingston
Redirect 301	/recovery-ssd/goodram.htm	https://kdr.kiev.ua/vosstanolenie-ssd-diskov/vosstanovlenie-ssd-goodram
Redirect 301	/vosstanolenie-ssd-diskovgoodram.htm	https://kdr.kiev.ua/vosstanolenie-ssd-diskov/vosstanovlenie-ssd-goodram
Redirect 301	/recovery-ssd/ssd-transcend.htm	https://kdr.kiev.ua/vosstanolenie-ssd-diskov/vosstanovlenie-ssd-transcend
Redirect 301	/vosstanolenie-ssd-diskovssd-transcend.htm	https://kdr.kiev.ua/vosstanolenie-ssd-diskov/vosstanovlenie-ssd-transcend
Redirect 301	/recovery-ssd/ssd-sp.htm	https://kdr.kiev.ua/vosstanolenie-ssd-diskov/vosstanovlenie-ssd-silicon-power
Redirect 301	/vosstanolenie-ssd-diskovssd-sp.htm	https://kdr.kiev.ua/vosstanolenie-ssd-diskov/vosstanovlenie-ssd-silicon-power
Redirect 301	/recovery-ssd/ssd-samsung.htm	https://kdr.kiev.ua/vosstanolenie-ssd-diskov/vosstanovlenie-ssd-samsung
Redirect 301	/vosstanolenie-ssd-diskovssd-samsung.htm	https://kdr.kiev.ua/vosstanolenie-ssd-diskov/vosstanovlenie-ssd-samsung
Redirect 301	/recovery-ssd/ssd-ocz.htm	https://kdr.kiev.ua/vosstanolenie-ssd-diskov/vosstanovlenie-ssd-ocz
Redirect 301	/vosstanolenie-ssd-diskovssd-ocz.htm	https://kdr.kiev.ua/vosstanolenie-ssd-diskov/vosstanovlenie-ssd-ocz
Redirect 301	/recovery-ssd/ssd-crucial.htm	https://kdr.kiev.ua/vosstanolenie-ssd-diskov/vosstanovlenie-ssd-crucial
Redirect 301	/vosstanolenie-ssd-diskovssd-crucial.htm	https://kdr.kiev.ua/vosstanolenie-ssd-diskov/vosstanovlenie-ssd-crucial
Redirect 301	/recovery-ssd/ssd-corsair.htm	https://kdr.kiev.ua/vosstanolenie-ssd-diskov/vosstanovlenie-ssd-corsair
Redirect 301	/vosstanolenie-ssd-diskovssd-corsair.htm	https://kdr.kiev.ua/vosstanolenie-ssd-diskov/vosstanovlenie-ssd-corsair
Redirect 301	/recovery-ssd/ssd-plextor.htm	https://kdr.kiev.ua/vosstanolenie-ssd-diskov/vosstanovlenie-ssd-plextor
Redirect 301	/vosstanolenie-ssd-diskovssd-plextor.htm	https://kdr.kiev.ua/vosstanolenie-ssd-diskov/vosstanovlenie-ssd-plextor
Redirect 301	/recovery-ssd/ssd-a-data.htm	https://kdr.kiev.ua/vosstanolenie-ssd-diskov/vosstanovlenie-ssd-a-data
Redirect 301	/vosstanolenie-ssd-diskovssd-a-data.htm	https://kdr.kiev.ua/vosstanolenie-ssd-diskov/vosstanovlenie-ssd-a-data
Redirect 301	/recovery-ssd/ssd-sandisk.htm	https://kdr.kiev.ua/vosstanolenie-ssd-diskov/vosstanovlenie-ssd-sandisk
Redirect 301	/vosstanolenie-ssd-diskovssd-sandisk.htm	https://kdr.kiev.ua/vosstanolenie-ssd-diskov/vosstanovlenie-ssd-sandisk
Redirect 301	/uslugivosstanovlenie_dannyx_posle_formatirovanija.htm https://kdr.kiev.ua/vazhno-znat/vosstanovlenie-dannykh-posle-formatirovaniya
Redirect 301	/vosstanolenie-s-kart-pamyatiMicroSD https://kdr.kiev.ua/vosstanovlenie-micro-sd
Redirect 301	/vosstanolenie-s-kart-pamyatiMicroSD.htm https://kdr.kiev.ua/vosstanovlenie-micro-sd
Redirect 301	/card/cf.htm https://kdr.kiev.ua/vosstanolenie-s-kart-pamyati/vosstanovlenie-dannykh-s-compact-flash
Redirect 301	/card/sony_memory_stick.htm https://kdr.kiev.ua/vosstanolenie-s-kart-pamyati/vosstanovlenie-karty-pamyati-sony-memory-stick
Redirect 301	/vosstanolenie-s-kart-pamyatisony_memory_stick.htm https://kdr.kiev.ua/vosstanolenie-s-kart-pamyati/vosstanovlenie-karty-pamyati-sony-memory-stick
Redirect 301	/card/vosstanovlenie_dannyx_s_xd_kart_pamjati.htm https://kdr.kiev.ua/vosstanolenie-s-kart-pamyati/vosstanovlenie-dannykh-s-xd-kart-pamyati
Redirect 301	/vosstanolenie-s-kart-pamyati/vosstanovlenie_dannyx_s_xd_kart_pamjati.htm https://kdr.kiev.ua/vosstanolenie-s-kart-pamyati/vosstanovlenie-dannykh-s-xd-kart-pamyati
Redirect 301	/card/format.htm https://kdr.kiev.ua/vosstanolenie-s-kart-pamyati/vosstanovlenie-dannykh-posle-formatirovaniya-karty-pamyati
Redirect 301	/card/recovery_photo.htm https://kdr.kiev.ua/vosstanolenie-s-kart-pamyati/vosstanovlenie-foto-s-karty-pamyati
Redirect 301	/card/recovery_fotoapparat.htm https://kdr.kiev.ua/vosstanolenie-s-kart-pamyati/vosstanovlenie-udalennykh-fajlov-s-fotoapparata
Redirect 301	/card/recovery-video.htm https://kdr.kiev.ua/vosstanolenie-s-kart-pamyati/vosstanovlenie-video-s-karty-pamyati
Redirect 301	/card/del_card.htm https://kdr.kiev.ua/vosstanolenie-s-kart-pamyati/vosstanovlenie-udalennykh-fajlov-s-karty-pamyati
Redirect 301    /card/sd.htm /vosstanolenie-s-kart-pamyati/sd-data-recovery
Redirect 301    /card/sd_transcend_.htm https://kdr.kiev.ua/sd-data-recovery/vosstanovlenie-sd-transcend
Redirect 301   /vosstanolenie-s-kart-pamyati/vosstanovlenie-karty-pamyati-kiev/sd-data-recovery/vosstanovlenie-sd-transcend https://kdr.kiev.ua/sd-data-recovery/vosstanovlenie-sd-transcend
Redirect 301    /card/sd_kingston.htm https://kdr.kiev.ua/sd-data-recovery/vosstanovlenie-sd-karty-kingston
Redirect 301 /vosstanolenie-s-kart-pamyati/vosstanovlenie-karty-pamyati-kiev/sd-data-recovery/vosstanovlenie-sd-karty-kingston https://kdr.kiev.ua/sd-data-recovery/vosstanovlenie-sd-karty-kingston
Redirect 301    /card/sd_sp.htm https://kdr.kiev.ua/sd-data-recovery/vosstanovlenie-dannykh-sd-karty-silicon-power
Redirect 301   /vosstanolenie-s-kart-pamyati/vosstanovlenie-karty-pamyati-kiev/sd-data-recovery/vosstanovlenie-dannykh-sd-karty-silicon-power https://kdr.kiev.ua/sd-data-recovery/vosstanovlenie-dannykh-sd-karty-silicon-power
Redirect 301    /card/sd_sandisk.htm https://kdr.kiev.ua/sd-data-recovery/vosstanovlenie-dannykh-sd-sandisk
Redirect 301 /vosstanolenie-s-kart-pamyati/vosstanovlenie-karty-pamyati-kiev/sd-data-recovery/vosstanovlenie-dannykh-sd-sandisk https://kdr.kiev.ua/sd-data-recovery/vosstanovlenie-dannykh-sd-sandisk
Redirect 301	/news/tablitsa_s_ukazaniem_emkostej_xranenenija_dannyx.htm	https://kdr.kiev.ua/tablitsa-s-ukazaniem-emkostej-khraneniya-dannykh
Redirect 301	/algoritm.htm	https://kdr.kiev.ua/algoritm-raboty-s-klientami
Redirect 301	/faq.htm	https://kdr.kiev.ua/fleshki-chasto-zadavaemye-voprosy
Redirect 301	/fleshki-chasto-zadavaemye-voprosy?view=article&id=47&catid=15	https://kdr.kiev.ua/fleshki-chasto-zadavaemye-voprosy
Redirect 301	/fleshki-chasto-zadavaemye-voprosy?view=article&id=91&catid=29	https://kdr.kiev.ua/fleshki-chasto-zadavaemye-voprosy
Redirect 301	/hdd/	https://kdr.kiev.ua/vosstanovlenie-zhestkogo-diska
Redirect 301	/faq_hdd.htm	https://kdr.kiev.ua/hdd-chasto-zadavaemye-voprosy
Redirect 301	/neispravnosti_kart_pamjati.htm	https://kdr.kiev.ua/vosstanolenie-s-kart-pamyati
Redirect 301	/news/dannye_vosstanovit_nelzja_sobaka_vinovata.htm	https://kdr.kiev.ua/kejsy/dannye-vosstanovit-nelzya-sobaka-vinovata
Redirect 301	/news/fleshka_ne_opredeljaetsja_v_os.htm	https://kdr.kiev.ua/kejsy/fleshka-ne-opredelyaetsya-v-os
Redirect 301	/news/oshibka--vstavte_disk_v_ustrojstvo_sjemnyj_disk_f_.htm	https://kdr.kiev.ua/kejsy/oshibka-vstavte-disk-v-ustrojstvo-semnyj-disk-f
Redirect 301	/news/vse_papki_na_fleshke_stali_jarlykami.htm	https://kdr.kiev.ua/kejsy/papki-stali-yarlykami-na-fleshke
Redirect 301	/news/voskreshenie_dannyx_na_fleshke_transcend_jet_flash_600.htm	https://kdr.kiev.ua/kejsy/voskreshenie-dannykh-na-fleshke-transcend-jet-flash-600
Redirect 301	/news/vosstanovlenie_dannyx_na_karte_pamjati_sd_trancent.htm	https://kdr.kiev.ua/kejsy/vosstanovlenie-dannykh-na-karte-pamyati-sd-transcend
Redirect 301	/news/vosstanovlenie_dannyx_na_karte_pamjati_xd.htm	https://kdr.kiev.ua/kejsy/vosstanovlenie-dannykh-na-karte-pamyati-xd
Redirect 301	/news/vosstanovlenie_dannyx_s_fleshki_canyon_8_gb.htm	https://kdr.kiev.ua/kejsy/vosstanovlenie-dannykh-s-fleshki-canyon-8-gb
Redirect 301	/news/vosstanovlenie_fotografij_s_sdhc_karty_pamjati_32gb_kingstone.htm	https://kdr.kiev.ua/kejsy/vosstanovlenie-fotografij-s-sdhc-karty-pamyati-32gb-kingstone
Redirect 301	/news/vosstanovlenie_informatsii_s_fleshki_trancent_usb_30_jet_flash.htm	https://kdr.kiev.ua/kejsy/vosstanovlenie-informatsii-s-fleshki-transcend-usb-3-0-jet-flash
Redirect 301	/konfidentsialnost.htm	https://kdr.kiev.ua/konfidetsialnost-dannykh
Redirect 301	/kredit.htm	https://kdr.kiev.ua/kredit
Redirect 301	/news/metodika_vosstanovlenie_fajlov_s_fleshki.htm	https://kdr.kiev.ua/metodika-vosstanovleniya-fajlov-s-fleshki
Redirect 301	/card/	https://kdr.kiev.ua/vosstanolenie-s-kart-pamyati
Redirect 301	/equipment/	https://kdr.kiev.ua/nasha-laboratoriya
Redirect 301	https://kdr.kiev.ua/equipment/nizhnij_podogrev_plat_lukey_863d.htm https://kdr.kiev.ua/nasha-laboratoriya/nizhnij-podogrev-plat-lukey-863d
Redirect 301	/nasha-laboratoriyanizhnij_podogrev_plat_lukey_863d.htm https://kdr.kiev.ua/nasha-laboratoriya/nizhnij-podogrev-plat-lukey-863d
Redirect 301	/equipment/pc-3000_flash_ssd_edition.htm https://kdr.kiev.ua/nasha-laboratoriya/programmno-apparatnyj-kompleks-pc-3000-flash
Redirect 301	/nasha-laboratoriyapc-3000_flash_ssd_edition.htm https://kdr.kiev.ua/nasha-laboratoriya/programmno-apparatnyj-kompleks-pc-3000-flash
Redirect 301	/equipment/adapter_upravlenija_pitanija.htm https://kdr.kiev.ua/nasha-laboratoriya/adapter-upravleniya-pitaniya
Redirect 301	/nasha-laboratoriyaadapter_upravlenija_pitanija.htm https://kdr.kiev.ua/nasha-laboratoriya/adapter-upravleniya-pitaniya
Redirect 301	/vosstanovlenie_dannyx/vosstanovlenie_udalennyx_fajlov.htm https://kdr.kiev.ua/kejsy/vosstanovlenie-udalennykh-fajlov-kak-my-eto-delaem
Redirect 301	/?view=article&id=91&catid=29	https://kdr.kiev.ua/nasha-laboratoriya
Redirect 301	/news/tipovye_neispravnosti_usb-flash_nakopitelej.htm	https://kdr.kiev.ua/neispravnosti-fleshek
Redirect 301	/news/instruktsija_po_udalennomu_vosstanovleniju_dannyx.htm	https://kdr.kiev.ua/news/instruktsiya-po-udalennomu-vosstanovleniyu-dannykh
Redirect 301	/?view=article&id=332:instruktsiya-po-udalennomu-vosstanovleniyu-dannykh&catid=15	https://kdr.kiev.ua/news/instruktsiya-po-udalennomu-vosstanovleniyu-dannykh
Redirect 301	/news/my-snova-rabotaem-cherez-ofis.htm	https://kdr.kiev.ua/news/my-snova-rabotaem-cherez-ofis
Redirect 301	/?view=article&id=383:my-snova-rabotaem-cherez-ofis&catid=15	https://kdr.kiev.ua/news/my-snova-rabotaem-cherez-ofis
Redirect 301	/oferta.htm	https://kdr.kiev.ua/news/publichnaya-oferta-po-okazaniyu-uslug-tov
Redirect 301	/?view=article&id=386:publichnaya-oferta-po-okazaniyu-uslug-tov&catid=2	https://kdr.kiev.ua/news/publichnaya-oferta-po-okazaniyu-uslug-tov
Redirect 301	/news/udalennaja_demonstratsija_rezultatov_vosstanovlenija_dannyx_klientu.htm	https://kdr.kiev.ua/news/udalennaya-demonstratsiya-rezultatov-vosstanovleniya-dannykh-klientu
Redirect 301	/?view=article&id=333:udalennaya-demonstratsiya-rezultatov-vosstanovleniya-dannykh-klientu&catid=15	https://kdr.kiev.ua/news/udalennaya-demonstratsiya-rezultatov-vosstanovleniya-dannykh-klientu
Redirect 301	/news/vosstanovlenie-dannyx-vo-vremja-karantina-koronovirusa-covid-19.htm	https://kdr.kiev.ua/news/vosstanovlenie-dannykh-vo-vremya-karantina-koronavirusa-covid-19
Redirect 301	/?view=article&id=381:vosstanovlenie-dannykh-vo-vremya-karantina-koronavirusa-covid-19&catid=15	https://kdr.kiev.ua/news/vosstanovlenie-dannykh-vo-vremya-karantina-koronavirusa-covid-19
Redirect 301	/reference	https://kdr.kiev.ua/otzyvy
Redirect 301	/partners	https://kdr.kiev.ua/rabota-s-partnerami
Redirect 301	/rabota_s_regionami.htm	https://kdr.kiev.ua/rabota-s-regionami
Redirect 301	/news/rabota-vo-vremja-zimnego-karantina.htm	https://kdr.kiev.ua/rabota-vo-vremya-zimnego-karantina
Redirect 301	/raid	https://kdr.kiev.ua/vosstanolenie-raid
Redirect 301	/raid-massiv	https://kdr.kiev.ua/vosstanolenie-raid
Redirect 301	/raid/raid_1.htm	https://kdr.kiev.ua/vosstanolenie-raid/vosstanovlenie-raid-1
Redirect 301	/card/MicroSD.htm	https://kdr.kiev.ua/vosstanovlenie-micro-sd
Redirect 301	/card/microsd_sandisk.htm https://kdr.kiev.ua/vosstanovlenie-micro-sd/vosstanovlenie-microsd-sandisk
Redirect 301	/card/microsd-sp.htm https://kdr.kiev.ua/vosstanovlenie-micro-sd/vosstanovlenie-microsd-silicon-power
Redirect 301	/vosstanolenie-s-kart-pamyatimicrosd-sp.htm https://kdr.kiev.ua/vosstanovlenie-micro-sd/vosstanovlenie-microsd-silicon-power
Redirect 301	/card/microsd_sandisk.htm https://kdr.kiev.ua/vosstanovlenie-micro-sd/vosstanovlenie-microsd-sandisk
Redirect 301	/vosstanolenie-s-kart-pamyatimicrosd_sandisk.htm https://kdr.kiev.ua/vosstanovlenie-micro-sd/vosstanovlenie-microsd-sandisk
Redirect 301	/card/microsd_kingston.htm https://kdr.kiev.ua/vosstanovlenie-micro-sd/vosstanovlenie-microsd-karty-kingston
Redirect 301	/vosstanovlenie-fleshek/kingston.htm https://kdr.kiev.ua/vosstanovlenie-fleshek/vosstanovlenie-fleshki-kingston
Redirect 301	/vosstanolenie-s-kart-pamyatimicrosd_kingston.htm https://kdr.kiev.ua/vosstanovlenie-micro-sd/vosstanovlenie-microsd-karty-kingston
Redirect 301	/news/samostojatelnaja-diagnostika-ssd-diska.htm	https://kdr.kiev.ua/samostoyatelnaya-diagnostika-ssd-diska
Redirect 301	/news/chto-takoe-smart-hdd-i-kak-rasshifrovat-znachenija.htm	https://kdr.kiev.ua/sovety-i-rekomendatsii/chto-takoe-smart-hdd-i-kak-rasshifrovat-znacheniya
Redirect 301	/?view=article&id=47&catid=15	https://kdr.kiev.ua/sovety-i-rekomendatsii/chto-takoe-smart-hdd-i-kak-rasshifrovat-znacheniya
Redirect 301	/news/kak_ne_poterjat_dannye_na_vneshnem_diske.htm	https://kdr.kiev.ua/sovety-i-rekomendatsii/kak-ne-poteryat-dannye-na-vneshnem-diske
Redirect 301	/news/kak-proisxodit-vosstanovlenie-informatsii-s-povrezhdennogo-zhestkogo-diska.htm	https://kdr.kiev.ua/sovety-i-rekomendatsii/kak-proiskhodit-vosstanovlenie-informatsii-s-povrezhdennogo-zhestkogo-diska
Redirect 301	/news/kak-sdelat-obnovlenie-proshivki-na-ssd-a-data-sx900.htm	https://kdr.kiev.ua/sovety-i-rekomendatsii/kak-sdelat-obnovlenie-proshivki-na-ssd-a-data-sx900
Redirect 301	/news/kompjuter-ne-vidit-zhestkij-disk-pochemu-ne-otobrazhaetsja-xard-i-kak-eto-ispravit.htm	https://kdr.kiev.ua/sovety-i-rekomendatsii/kompyuter-ne-vidit-zhestkij-disk-rasskazhem-kak-eto-ispravit
Redirect 301	/news/vosstanovit-dannye-s-ne-rabochego-hdd.htm	https://kdr.kiev.ua/sovety-i-rekomendatsii/mozhno-li-vosstanovit-dannye-s-ne-rabochego-zhestkogo-diska
Redirect 301	/news/mozhno-li-vosstanovit-udalennye-fajly-na-ssd-diskax.htm	https://kdr.kiev.ua/sovety-i-rekomendatsii/mozhno-li-vosstanovit-udalennye-fajly-na-ssd-diskakh
Redirect 301	/news/ne_opredeljaetsja_zhestkij_disk_schelkaet_i_stuchit.htm	https://kdr.kiev.ua/sovety-i-rekomendatsii/ne-opredelyaetsya-zhestkij-disk-shchelkaet-i-stuchit
Redirect 301	/polomki_nakopitelej_i_vozmozhnost_vosstanovlenija_dannyx.htm	https://kdr.kiev.ua/sovety-i-rekomendatsii/neispravnosti-fleshek
Redirect 301	/news/pochemu-noutbuk-ne-vidit-zhestkij-disk.htm	https://kdr.kiev.ua/sovety-i-rekomendatsii/pochemu-noutbuk-ne-vidit-zhestkij-disk
Redirect 301	/news/pochemu-ssd-ne-opredeljaetsja-kak-obnaruzhit-i-ustranit-defekty-tverdotelnogo-nakopitelja.htm	https://kdr.kiev.ua/sovety-i-rekomendatsii/pochemu-ssd-ne-opredelyaetsya-kak-obnaruzhit-i-ustranit-defekty-tverdotelnogo-nakopitelya
Redirect 301	/news/potreschim-chto-delat-esli-zhestkij-disk-izdaet-postoronnie-zvuki.htm	https://kdr.kiev.ua/sovety-i-rekomendatsii/potreshchim-chto-delat-esli-zhestkij-disk-izdaet-postoronnie-zvuki
Redirect 301	/news/vozmozhno_li_vosstanovlenie_dannyx_esli_disk_ne_opredeljaetsja_sistemoj_.htm	https://kdr.kiev.ua/sovety-i-rekomendatsii/vosstanovlenie-dannykh-esli-disk-ne-opredelyaetsya-sistemoj
Redirect 301	/news/team_group_microsd_go.htm	https://kdr.kiev.ua/sovety-i-rekomendatsii/vosstanovlenie-dannykh-esli-disk-ne-opredelyaetsya-sistemoj
Redirect 301	/news/vosstanovlenie_dannyx_posle_formatirovanija_samostojatelno.htm	https://kdr.kiev.ua/sovety-i-rekomendatsii/vosstanovlenie-dannykh-posle-formatirovaniya-samostoyatelno
Redirect 301	/news/upal-usb-hdd.htm	https://kdr.kiev.ua/sovety-i-rekomendatsii/vosstanovlenie-dannykh-posle-padeniya-vneshnego-diska
Redirect 301	/news/vosstanovlenie_fleshki_transcend_jetflash_v33_4gb.htm	https://kdr.kiev.ua/sovety-i-rekomendatsii/vosstanovlenie-fleshki-transcend-jetflash-v33-4gb
Redirect 301	/tipy_korpusov_chipov_pamjati.htm	https://kdr.kiev.ua/tipy-korpusov-chipov-pamyati
Redirect 301	/price.htm	https://kdr.kiev.ua/tseny
Redirect 301	/vosstanovlenie_dannyx/	https://kdr.kiev.ua/uslugi
Redirect 301	/news/redksonye_karty_pamjati_s_parametrom_class_16.htm https://kdr.kiev.ua/vazhno-znat/redkie-karty-pamyati-s-parametrom-class-16
Redirect 301	/news/antikrizisnye_tseny.htm	https://kdr.kiev.ua/vazhno-znat/antikrizisnye-tseny-na-vosstanovlenie-dannykh
Redirect 301	/news/corsair_flash_voyager_gtx--fleshka_s_zadatkami_ssd.htm	https://kdr.kiev.ua/vazhno-znat/corsair-flash-voyager-gtx-fleshka-s-zadatkami-ssd
Redirect 301	/news/fleshka--chto_vnutri_.htm	https://kdr.kiev.ua/vazhno-znat/fleshka-chto-vnutri
Redirect 301	/news/fleshka-dlja-puteshestvennikov-kingston-datatraveler-80.htm	https://kdr.kiev.ua/vazhno-znat/fleshka-dlya-puteshestvennikov-kingston-datatraveler-80
Redirect 301	/news/kak_vosstanovit_fleshku_konsultatsii_professionalov.htm	https://kdr.kiev.ua/vazhno-znat/kak-vosstanovit-fleshku-konsultatsii-professionalov
Redirect 301	/news/karty_pamjati_cf--preimuschestva_i_nedostatki.htm	https://kdr.kiev.ua/vazhno-znat/karty-pamyati-cf-preimushchestva-i-nedostatki
Redirect 301	/news/kingston_m2_2280--novye_ssd_dlja_ultrabukov.htm	https://kdr.kiev.ua/vazhno-znat/kingston-m2-2280-novye-ssd-dlya-ultrabukov
Redirect 301	/news/kingston-predstavila-usb-nakopiteli-s-shifrovaniem-emkostju-128-gbajt.htm	https://kdr.kiev.ua/vazhno-znat/kingston-predstavila-usb-nakopiteli-s-shifrovaniem-emkostyu-128-gbajt
Redirect 301	/news/microsd_na_1tb--novyj_rekord.htm	https://kdr.kiev.ua/vazhno-znat/microsd-na-1tb-novyj-rekord
Redirect 301	/news/microsd_na_400gb_ot_sandisk.htm	https://kdr.kiev.ua/vazhno-znat/microsd-na-400gb-ot-sandisk
Redirect 301	/news/microsd_ne_opredeljaetsja.htm	https://kdr.kiev.ua/vazhno-znat/microsd-ne-opredelyaetsya
Redirect 301	/news/novyj_zaschischennyj_vneshnij_disk_ot_adata.htm	https://kdr.kiev.ua/vazhno-znat/novyj-zashchishchennyj-vneshnij-disk-ot-adata
Redirect 301	/news/o-problemax-vosstanovlenija-hdd-seagate-st3000dm001.htm	https://kdr.kiev.ua/vazhno-znat/o-problemakh-vosstanovleniya-hdd-seagate-st3000dm001
Redirect 301	/news/obzor_vneshnego_zhestkogo_diska_toshiba_canvio_premium_4tb.htm	https://kdr.kiev.ua/vazhno-znat/obzor-vneshnego-zhestkogo-diska-toshiba-canvio-premium-4tb
Redirect 301	/news/ocz_blizka_k_bankrotstvu.htm	https://kdr.kiev.ua/vazhno-znat/ocz-blizka-k-bankrotstvu
Redirect 301	/news/datchik_otpechatka_paltsev_aes_256_i_vse_eto_v_novom_diske_hdd_verbatim_fingerprint_secure.htm	https://kdr.kiev.ua/vazhno-znat/predstavlen-zashchishchennyj-hdd-verbatim-fingerprint-secure
Redirect 301	/news/razlichie_monolitov.htm	https://kdr.kiev.ua/vazhno-znat/razlichie-monolitnykh-fleshek
Redirect 301	/news/razlichija_mezhdu_sd_sdhc_i_sdxc_kartami_pamjati.htm	https://kdr.kiev.ua/vazhno-znat/razlichiya-mezhdu-sd-sd-hc-i-sd-xc-kartami-pamyati
Redirect 301	/news/samsung_predstavila_karty_pamjati_sd_i_microsd_v_obnovlennom_dizajne.htm	https://kdr.kiev.ua/vazhno-znat/samsung-predstavili-novye-sd-i-microsd
Redirect 301	/news/samye_bystrye_karty_pamjati_v_mire.htm	https://kdr.kiev.ua/vazhno-znat/samye-bystrye-karty-pamyati-v-mire
Redirect 301	/news/sandisk_predstavili_cf_na_256_gb_dlja_sjemki_video_4k_ultra_hd_.htm	https://kdr.kiev.ua/vazhno-znat/sandisk-predstavili-cf-na-256-gb-dlya-semki-video-4k-ultra-hd
Redirect 301	/news/sandisk_predstavili_samye_bystrye_sd-karty_v_mire.htm	https://kdr.kiev.ua/vazhno-znat/sandisk-predstavili-samye-bystrye-sd-karty-v-mire
Redirect 301	/news/sandisk_readycache--uskoritel_dlja_diskov.htm	https://kdr.kiev.ua/vazhno-znat/sandisk-readycache-uskoritel-dlya-diskov
Redirect 301	/news/spetsifikatsija_ultra_high_speed_1-2.htm	https://kdr.kiev.ua/vazhno-znat/spetsifikatsiya-ultra-high-speed-1-2
Redirect 301	/news/ssd-dell-tozhe-umirajut-spustja-40-tys-chasov.htm	https://kdr.kiev.ua/vazhno-znat/ssd-dell-tozhe-umirayut-spustya-40-tys-chasov
Redirect 301	/news/tolschina-karmannogo-ssd-nakopitelja-silicon-power-pc60-sostavljaet-11-mm.htm	https://kdr.kiev.ua/vazhno-znat/tolshchina-karmannogo-ssd-nakopitelya-silicon-power-pc60-sostavlyaet-11-mm
Redirect 301	/news/ranscend_predstavila_tverdotelnyj_nvme-nakopitel_mte352t.htm	https://kdr.kiev.ua/vazhno-znat/transcend-predstavila-tverdotelnyj-nvme-nakopitel-mte352t
Redirect 301	/news/transcend-predstavili-model-ssd-msa452t.htm	https://kdr.kiev.ua/vazhno-znat/transcend-predstavili-model-ssd-msa452t
Redirect 301	/news/transcend_predstavila_protivoudarnyj_hdd_storejet_25m3c.htm	https://kdr.kiev.ua/vazhno-znat/transcend-predstavlyaet-vysokoproizvoditelnye-fleshki-jetflash-920
Redirect 301	/news/transcend-predstavljaet-vysokoproizvoditelnye-fleshki-jetflash-920.htm	https://kdr.kiev.ua/vazhno-znat/transcend-predstavlyaet-vysokoproizvoditelnye-fleshki-jetflash-920
Redirect 301	/news/tseny_na_vosstanovlenie_dannyx_snizheny.htm	https://kdr.kiev.ua/vazhno-znat/tseny-na-vosstanovlenie-dannykh-snizheny
Redirect 301	/news/v-windows-10-pojavilas-funktsija-vosstanovlenija-fajlov.htm	https://kdr.kiev.ua/vazhno-znat/v-windows-10-poyavilas-funktsiya-vosstanovleniya-fajlov
Redirect 301	/news/vosstanovit_dannye_s_fleshki.htm	https://kdr.kiev.ua/vazhno-znat/vosstanovit-dannye-s-fleshki-chto-i-kak
Redirect 301	/news/metodika_vosstanovlenie_dannyx_s_ssd_diskov.htm	https://kdr.kiev.ua/vazhno-znat/vosstanovlenie-dannykh-na-ssd-metodichka
Redirect 301	/news/vosstanovlenie_dannyx_s_monolitnyx_fleshek.htm	https://kdr.kiev.ua/vazhno-znat/vosstanovlenie-dannykh-s-monolitnykh-fleshek
Redirect 301	/news/vosstanovlenie_dannyx_s_nerabochej_fleshki.htm	https://kdr.kiev.ua/vazhno-znat/vosstanovlenie-dannykh-s-nerabochej-fleshki
Redirect 301	/news/vosstanovlenija_dannyx_s_pustoj_fleshki.htm	https://kdr.kiev.ua/vazhno-znat/vosstanovlenie-dannykh-s-pustoj-fleshki
Redirect 301	/news/western_digital_gotovjat_hdd_objemom_24-30tb.htm	https://kdr.kiev.ua/vazhno-znat/western-digital-gotovyat-hdd-obemom-24-30tb
Redirect 301	/news/western_digital_predstavili_disk_na_15tb.htm	https://kdr.kiev.ua/vazhno-znat/western-digital-predstavili-disk-na-15tb
Redirect 301	/news/zaschischennaja_fleshka_lexar_jumpdrive.htm	https://kdr.kiev.ua/vazhno-znat/zashchishchennaya-fleshka-lexar-jumpdrive
Redirect 301	/raid/raid_5.htm	https://kdr.kiev.ua/vosstanolenie-raid/vosstanovlenie-dannykh-s-raid-5
Redirect 301 /vosstanolenie-raidraid_5.htm	https://kdr.kiev.ua/vosstanolenie-raid/vosstanovlenie-dannykh-s-raid-5
Redirect 301	/raid/raid_0.htm	https://kdr.kiev.ua/vosstanolenie-raid/vosstanovlenie-raid-0
Redirect 301 /vosstanolenie-raidraid_0.htm	https://kdr.kiev.ua/vosstanolenie-raid/vosstanovlenie-raid-0
Redirect 301 /raid/raid_10.htm https://kdr.kiev.ua/vosstanolenie-raid/vosstanovlenie-raid-10
Redirect 301 /vosstanolenie-raidraid_10.htm https://kdr.kiev.ua/vosstanolenie-raid/vosstanovlenie-raid-10
Redirect 301	/raid/raid_50.htm	https://kdr.kiev.ua/vosstanolenie-raid/vosstanovlenie-raid-50
Redirect 301	/vosstanolenie-raidraid_50.htm	https://kdr.kiev.ua/vosstanolenie-raid/vosstanovlenie-raid-50
Redirect 301	/raid/raid_1.htm https://kdr.kiev.ua/vosstanolenie-raid/vosstanovlenie-raid-1
Redirect 301	/vosstanolenie-raidraid_1.htm https://kdr.kiev.ua/vosstanolenie-raid/vosstanovlenie-raid-1
Redirect 301	/vosstanovlenie_dannyx/vosstanovlenie_dannyx_s_karty_pamjati.htm https://kdr.kiev.ua/vosstanolenie-s-kart-pamyati/
Redirect 301	/uslugivosstanovlenie_dannyx_s_karty_pamjati.htm https://kdr.kiev.ua/vosstanolenie-s-kart-pamyati/
Redirect 301	/card/format.htm	https://kdr.kiev.ua/vosstanolenie-s-kart-pamyati/vosstanovlenie-dannykh-posle-formatirovaniya-karty-pamyati
Redirect 301	/card/recovery_photo.htm	https://kdr.kiev.ua/vosstanolenie-s-kart-pamyati/vosstanovlenie-foto-s-karty-pamyati
Redirect 301	/card/recovery_fotoapparat.htm	https://kdr.kiev.ua/vosstanolenie-s-kart-pamyati/vosstanovlenie-udalennykh-fajlov-s-fotoapparata
Redirect 301	/card/del_card.htm	https://kdr.kiev.ua/vosstanolenie-s-kart-pamyati/vosstanovlenie-udalennykh-fajlov-s-karty-pamyati
Redirect 301	/card/recovery-video.htm	https://kdr.kiev.ua/vosstanolenie-s-kart-pamyati/vosstanovlenie-video-s-karty-pamyati
Redirect 301	/card/sd.htm https://kdr.kiev.ua/sd-data-recovery
Redirect 301	/vosstanolenie-s-kart-pamyati/sd-data-recovery https://kdr.kiev.ua/sd-data-recovery
Redirect 301    /card/sd_transcend_.htm https://kdr.kiev.ua/sd-data-recovery/vosstanovlenie-sd-transcend
Redirect 301    /card/sd_kingston.htm https://kdr.kiev.ua/sd-data-recovery/vosstanovlenie-sd-karty-kingston
Redirect 301    /card/sd_sp.htm https://kdr.kiev.ua/sd-data-recovery/vosstanovlenie-dannykh-sd-karty-silicon-power
Redirect 301    /card/sd_sandisk.htm https://kdr.kiev.ua/sd-data-recovery/vosstanovlenie-dannykh-sd-sandisk
Redirect 301 /remont_hdd https://kdr.kiev.ua/vosstanovlenie-zhestkogo-diska/remont-zhestkogo-diska
Redirect 301 /vosstanovlenie_udalennyx_fajlov.htm https://kdr.kiev.ua/vosstanovlenie-zhestkogo-diska/vosstanovlenie-udalennykh-dannykh-s-zhestkogo-diska
Redirect 301 /raid https://kdr.kiev.ua/vosstanolenie-raid
Redirect 301 /usb-hdd/vosstanovlenie_dannyx_s_vneshnego_zhestkogo_diska_western_digital.htm https://kdr.kiev.ua/vosstanovlenie-vneshnego-zhestkogo-diska/vosstanovlenie-dannykh-s-vneshnego-zhestkogo-diska-western-digital
Redirect 301 /vosstanovlenie-vneshnego-zhestkogo-diska/vosstanovlenie_dannyx_s_vneshnego_zhestkogo_diska_western_digital.htm https://kdr.kiev.ua/vosstanovlenie-vneshnego-zhestkogo-diska/vosstanovlenie-dannykh-s-vneshnego-zhestkogo-diska-western-digital
Redirect 301 /card/vosstanovlenie_dannyx_s_xd_kart_pamjati.htm https://kdr.kiev.ua/vosstanolenie-s-kart-pamyati/vosstanovlenie-dannykh-s-xd-kart-pamyati
Redirect 301 /uk/kejsu/servis-kdr https://kdr.kiev.ua/uk/kejsu
Redirect 301 /ru/telefon https://kdr.kiev.ua/vosstanolenie-s-telefonov
Redirect 301 /smartphone/android_planshet.htm https://kdr.kiev.ua/vosstanolenie-s-telefonov/vosstanovlenie-dannykh-s-android-plansheta
Redirect 301 /smartphone/Xiaomi.htm https://kdr.kiev.ua/vosstanolenie-s-telefonov/vosstanovlenie-dannykh-smartfonov-xiaomi
Redirect 301	/usb-hdd/hdd_silicon_power.htm	https://kdr.kiev.ua/vosstanolenie-ssd-diskov/vosstanovlenie-ssd-silicon-power
Redirect 301	/?view=article&id=349:vosstanovlenie-hdd-silicon-power&catid=47	https://kdr.kiev.ua/vosstanolenie-ssd-diskov/vosstanovlenie-ssd-silicon-power
Redirect 301	/usb-hdd/	https://kdr.kiev.ua/vosstanovlenie-vneshnego-zhestkogo-diska
Redirect 301	/news/neispravnosti_sd_kart_pamjati.htm https://kdr.kiev.ua/sovety-i-rekomendatsii/neispravnosti-sd-kart-pamyati
Redirect 301	/?view=category&id=47	https://kdr.kiev.ua/vosstanovlenie-vneshnego-zhestkogo-diska
Redirect 301	/usb-hdd/Verbatim.htm	/vosstanovlenie-vneshnego-zhestkogo-diska/vosstanovlenie-hdd-verbatim
Redirect 301	/?view=article&id=348:vosstanovlenie-hdd-verbatim&catid=47	https://kdr.kiev.ua/vosstanovlenie-zhestkogo-diska/vosstanovlenie-hdd-verbatim
Redirect 301	/usb-hdd/ADATA.htm https://kdr.kiev.ua/vosstanovlenie-vneshnego-zhestkogo-diska/vosstanovlenie-hdd-adata
Redirect 301	/vosstanovlenie-vneshnego-zhestkogo-diskaADATA.htm https://kdr.kiev.ua/vosstanovlenie-vneshnego-zhestkogo-diska/vosstanovlenie-hdd-adata
Redirect 301	/usb-hdd/toshiba.htm https://kdr.kiev.ua/vosstanovlenie-vneshnego-zhestkogo-diska/vosstanovlenie-vneshnego-diska-toshiba
Redirect 301	/vosstanovlenie-vneshnego-zhestkogo-diskatoshiba.htm  https://kdr.kiev.ua/vosstanovlenie-vneshnego-zhestkogo-diska/vosstanovlenie-vneshnego-diska-toshiba
Redirect 301	/usb-hdd/Transcend.htm https://kdr.kiev.ua/vosstanovlenie-vneshnego-zhestkogo-diska/vosstanovlenie-dannykh-s-zhestkikh-diskov-transcend
Redirect 301	/vosstanovlenie-vneshnego-zhestkogo-diskaTranscend.htm https://kdr.kiev.ua/vosstanovlenie-vneshnego-zhestkogo-diska/vosstanovlenie-dannykh-s-zhestkikh-diskov-transcend
Redirect 301	/usb-hdd/WD.htm https://kdr.kiev.ua/vosstanovlenie-vneshnego-zhestkogo-diska/vosstanovlenie-dannykh-s-vneshnego-zhestkogo-diska-western-digital
Redirect 301	/vosstanovlenie-vneshnego-zhestkogo-diskaWD.htm https://kdr.kiev.ua/vosstanovlenie-vneshnego-zhestkogo-diska/vosstanovlenie-dannykh-s-vneshnego-zhestkogo-diska-western-digital
Redirect 301	/usb-hdd/Verbatim.htm https://kdr.kiev.ua/vosstanovlenie-vneshnego-zhestkogo-diska/vosstanovlenie-hdd-verbatim
Redirect 301	/vosstanovlenie-vneshnego-zhestkogo-diskaVerbatim.htm https://kdr.kiev.ua/vosstanovlenie-vneshnego-zhestkogo-diska/vosstanovlenie-hdd-verbatim
Redirect 301	/vosstanovlenie-vneshnego-zhestkogo-diskaseagate.htm https://kdr.kiev.ua/vosstanovlenie-vneshnego-zhestkogo-diska/vosstanovlenie-dannykh-s-vneshnego-zhestkogo-diska-seagate
Redirect 301	/usb-hdd/wd_my_passport.htm https://kdr.kiev.ua/vosstanovlenie-vneshnego-zhestkogo-diska/vosstanovlenie-wd-my-passport
Redirect 301	/vosstanovlenie-vneshnego-zhestkogo-diskawd_my_passport.htm https://kdr.kiev.ua/vosstanovlenie-vneshnego-zhestkogo-diska/vosstanovlenie-wd-my-passport
Redirect 301	/vosstanovlenie_dannyx/akt_texnicheskoj_ekspertizy.htm https://kdr.kiev.ua/vazhno-znat/akt-tekhnicheskoj-ekspertizy
Redirect 301 /akt_texnicheskoj_ekspertizy.htm https://kdr.kiev.ua/news/akt-tekhnicheskoj-ekspertizy
Redirect 301	/news/zapily_poverxnosti_hdd_est_li_shans_na_vosstanovlenie_dannyx.htm https://kdr.kiev.ua/sovety-i-rekomendatsii/zapily-poverkhnosti-hdd-est-li-shans-na-vosstanovlenie-dannykh
Redirect 301	/usb-hdd/seagate.htm https://kdr.kiev.ua/vosstanovlenie-vneshnego-zhestkogo-diska/vosstanovlenie-dannykh-s-vneshnego-zhestkogo-diska-seagate
Redirect 301	/flesh/	https://kdr.kiev.ua/vosstanovlenie-fleshek
Redirect 301	/tablitsa-s-ukazaniem-emkostej-khraneniya-dannykh https://kdr.kiev.ua/vazhno-znat/tablitsa-s-ukazaniem-emkostej-khraneniya-dannykh
Redirect 301	/flesh/transcend.htm https://kdr.kiev.ua/vosstanovlenie-fleshek/vosstanovlenie-fleshki-transcend
Redirect 301	/vosstanovlenie-fleshek/transcend.htm https://kdr.kiev.ua/vosstanovlenie-fleshek/vosstanovlenie-fleshki-transcend
Redirect 301	/flesh/vosstanovlenie_fleshki_transcend.htm  https://kdr.kiev.ua/vosstanovlenie-fleshek/vosstanovlenie-fleshki-transcend
Redirect 301	/vosstanovlenie-fleshektranscend.htm https://kdr.kiev.ua/vosstanovlenie-fleshek/vosstanovlenie-fleshki-transcend
Redirect 301	/vosstanovlenie-fleshek/vosstanovlenie_fleshki_transcend.htm https://kdr.kiev.ua/vosstanovlenie-fleshek/vosstanovlenie-fleshki-transcend
Redirect 301	/news/vosstanovlenie_fleshki_transcend.htm https://kdr.kiev.ua/vosstanovlenie-fleshek/vosstanovlenie-fleshki-transcend
Redirect 301	/flesh/kingston.htm https://kdr.kiev.ua/vosstanovlenie-fleshek/vosstanovlenie-fleshki-kingston
Redirect 301	/flesh/vosstanovlenie_fleshki_kingston_.htm https://kdr.kiev.ua/vosstanovlenie-fleshek/vosstanovlenie-fleshki-kingston
Redirect 301	/vosstanovlenie-fleshekkingston.htm https://kdr.kiev.ua/vosstanovlenie-fleshek/vosstanovlenie-fleshki-kingston
Redirect 301	/vosstanovlenie-fleshek/vosstanovlenie_fleshki_kingston_.htm https://kdr.kiev.ua/vosstanovlenie-fleshek/vosstanovlenie-fleshki-kingston
Redirect 301	/flesh/Corsair.htm https://kdr.kiev.ua/vosstanovlenie-fleshek/vosstanovlenie-dannykh-s-fleshki-corsair
Redirect 301	/vosstanovlenie-fleshek/corsair.htm https://kdr.kiev.ua/vosstanovlenie-fleshek/vosstanovlenie-dannykh-s-fleshki-corsair
Redirect 301	/vosstanovlenie-fleshek/Corsair.htm https://kdr.kiev.ua/vosstanovlenie-fleshek/vosstanovlenie-dannykh-s-fleshki-corsair
Redirect 301	/vosstanovlenie-fleshekCorsair.htm https://kdr.kiev.ua/vosstanovlenie-fleshek/vosstanovlenie-dannykh-s-fleshki-corsair
Redirect 301	/flesh/udalenie-faylov.htm https://kdr.kiev.ua/vosstanovlenie-fleshek/vosstanovlenie-udalennykh-fajlov-s-fleshki
Redirect 301	/uslugiuslugi_vosstanovlenija_dannyx_s_fleshki.htm https://kdr.kiev.ua/vosstanovlenie-fleshek/vosstanovlenie-udalennykh-fajlov-s-fleshki
Redirect 301	/vosstanovlenie-fleshek/udalenie-faylov.htm https://kdr.kiev.ua/vosstanovlenie-fleshek/vosstanovlenie-udalennykh-fajlov-s-fleshki
Redirect 301	/vosstanovlenie-fleshekudalenie-faylov.htm https://kdr.kiev.ua/vosstanovlenie-fleshek/vosstanovlenie-udalennykh-fajlov-s-fleshki
Redirect 301	/flesh/format-flashki.htm https://kdr.kiev.ua/vosstanovlenie-fleshek/vosstanovlenie-fleshki-posle-formatirovaniya
Redirect 301	/vosstanovlenie-fleshekformat-flashki.htm https://kdr.kiev.ua/vosstanovlenie-fleshek/vosstanovlenie-fleshki-posle-formatirovaniya
Redirect 301	/flesh/verbatim.htm https://kdr.kiev.ua/vosstanovlenie-fleshek/vosstanovlenie-fleshki-verbatim
Redirect 301	/vosstanovlenie-fleshek/verbatim.htm https://kdr.kiev.ua/vosstanovlenie-fleshek/vosstanovlenie-fleshki-verbatim
Redirect 301	/vosstanovlenie-fleshekverbatim.htm	https://kdr.kiev.ua/vosstanovlenie-fleshek/vosstanovlenie-fleshki-verbatim
Redirect 301	/flesh/sandisk.htm	https://kdr.kiev.ua/vosstanovlenie-fleshek/vosstanovlenie-fleshki-sandisk
Redirect 301	/vosstanovlenie-fleshek/sandisk.htm	https://kdr.kiev.ua/vosstanovlenie-fleshek/vosstanovlenie-fleshki-sandisk
Redirect 301	/vosstanovlenie_dannyx/uslugi_vosstanovlenija_dannyx_s_fleshki.htm https://kdr.kiev.ua/vosstanovlenie-fleshek
Redirect 301	/equipment https://kdr.kiev.ua/nasha-laboratoriya
Redirect 301	/flesh/GoodRAM.htm	https://kdr.kiev.ua/vosstanovlenie-fleshek/vosstanovlenie-fleshki-goodram
Redirect 301	/vosstanovlenie-fleshekGoodRAM.htm https://kdr.kiev.ua/vosstanovlenie-fleshek/vosstanovlenie-fleshki-goodram
Redirect 301	/flesh/apacer.htm	https://kdr.kiev.ua/vosstanovlenie-fleshek/vosstanovlenie-fleshki-apacer
Redirect 301	/vosstanovlenie-fleshekapacer.htm	https://kdr.kiev.ua/vosstanovlenie-fleshek/vosstanovlenie-fleshki-apacer
Redirect 301	/flesh/vosstanovit_udalennye_foto_s_fleshki.htm	https://kdr.kiev.ua/vosstanovlenie-fleshek/vosstanovit-udalennye-foto-s-fleshki
Redirect 301	/vosstanovlenie-fleshekvosstanovit_udalennye_foto_s_fleshki.htm	https://kdr.kiev.ua/vosstanovlenie-fleshek/vosstanovit-udalennye-foto-s-fleshki
Redirect 301	/uslugivosstanovlenie-informatsii-s-fleshki.htm	https://kdr.kiev.ua/vosstanovlenie-fleshek/vosstanovlenie-informatsii-s-fleshki
Redirect 301	/flesh/lexar.htm	https://kdr.kiev.ua/vosstanovlenie-fleshek/vosstanovlenie-fleshki-lexar
Redirect 301	/vosstanovlenie-flesheklexar.htm	https://kdr.kiev.ua/vosstanovlenie-fleshek/vosstanovlenie-fleshki-lexar
Redirect 301	/flesh/toshiba.htm	https://kdr.kiev.ua/vosstanovlenie-fleshek/vosstanovlenie-fleshki-toshiba
Redirect 301	/vosstanovlenie-fleshektoshiba.htm	https://kdr.kiev.ua/vosstanovlenie-fleshek/vosstanovlenie-fleshki-toshiba
Redirect 301	/flesh/silicon_power.htm https://kdr.kiev.ua/vosstanovlenie-fleshek/vosstanovlenie-dannykh-s-fleshki-silicon-power
Redirect 301	/vosstanovlenie-flesheksilicon_power.htm https://kdr.kiev.ua/vosstanovlenie-fleshek/vosstanovlenie-dannykh-s-fleshki-silicon-power
Redirect 301	/flesh/verico.htm	https://kdr.kiev.ua/vosstanovlenie-fleshek/vosstanovlenie-fleshki-verico
Redirect 301	/vosstanovlenie-fleshekverico.htm	https://kdr.kiev.ua/vosstanovlenie-fleshek/vosstanovlenie-fleshki-verico
Redirect 301	/flesh/vosstanovlenie-fajlov-s-fleshki-raw.htm	https://kdr.kiev.ua/vosstanovlenie-fleshek/vosstanovlenie-fajlov-s-fleshki-raw
Redirect 301	/vosstanovlenie-fleshekvosstanovlenie-fajlov-s-fleshki-raw.htm	https://kdr.kiev.ua/vosstanovlenie-fleshek/vosstanovlenie-fajlov-s-fleshki-raw
Redirect 301	/flesh/Smartbuy.htm	https://kdr.kiev.ua/vosstanovlenie-fleshek/vosstanovlenie-fleshki-smartbuy
Redirect 301	/vosstanovlenie-fleshekSmartbuy.htm	https://kdr.kiev.ua/vosstanovlenie-fleshek/vosstanovlenie-fleshki-smartbuy
Redirect 301	/flesh/A-Data.htm	https://kdr.kiev.ua/vosstanovlenie-fleshek/vosstanovlenie-dannykh-s-fleshki-a-data
Redirect 301	/vosstanovlenie-fleshekA-Data.htm https://kdr.kiev.ua/vosstanovlenie-fleshek/vosstanovlenie-dannykh-s-fleshki-a-data
Redirect 301	/?view=article&id=206:vosstanovlenie-udalennykh-fajlov-s-fleshki&catid=17	https://kdr.kiev.ua/vosstanovlenie-fleshek/vosstanovlenie-udalennykh-fajlov-s-fleshki
Redirect 301	/remont_hdd/	https://kdr.kiev.ua/vosstanovlenie-zhestkogo-diska/remont-zhestkogo-diska
Redirect 301	/notebook/	https://kdr.kiev.ua/vosstanovlenie-zhestkogo-diska/vosstanovlenie-dannykh-noutbuka
Redirect 301	/hdd/vosstanovlenie-dannyx-posle-ustanovki-windows.htm	https://kdr.kiev.ua/vosstanovlenie-zhestkogo-diska/vosstanovlenie-dannykh-posle-ustanovki-windows
Redirect 301	/hdd/formatirovanija-HDD.htm https://kdr.kiev.ua/vosstanovlenie-zhestkogo-diska/vosstanovlenie-dannykh-s-zhestkogo-diska-posle-formatirovaniya
Redirect 301	/hdd/seagate-7200-11.htm https://kdr.kiev.ua/vosstanovlenie-zhestkogo-diska/vosstanovlenie-hdd-seagate-7200-11
Redirect 301	/vosstanovlenie-zhestkogo-diska/seagate-7200-11.htm https://kdr.kiev.ua/vosstanovlenie-zhestkogo-diska/vosstanovlenie-hdd-seagate-7200-11
Redirect 301	/vosstanovlenie-zhestkogo-diska/seagate-baracuda-7200-12.htm https://kdr.kiev.ua/vosstanovlenie-zhestkogo-diska/vosstanovlenie-seagate-baracuda-7200-12
Redirect 301	/hdd/seagate-baracuda-7200-12.htm https://kdr.kiev.ua/vosstanovlenie-zhestkogo-diska/vosstanovlenie-seagate-baracuda-7200-12
Redirect 301	/vosstanovlenie-zhestkogo-diska/seagate.htm https://kdr.kiev.ua/vosstanovlenie-zhestkogo-diska/vosstanovlenie-zhestkogo-diska-seagate
Redirect 301	/hdd/plata_elektroniki_hdd.htm https://kdr.kiev.ua/vosstanovlenie-zhestkogo-diska/plata-elektroniki-hdd
Redirect 301	/vosstanovlenie-zhestkogo-diska/plata_elektroniki_hdd.htm https://kdr.kiev.ua/vosstanovlenie-zhestkogo-diska/plata-elektroniki-hdd
Redirect 301	/hdd/wd.htm https://kdr.kiev.ua/vosstanovlenie-zhestkogo-diska/vosstanovlenie-dannykh-s-zhestkikh-diskov-wd
Redirect 301	/vosstanovlenie-zhestkogo-diska/wd.htm https://kdr.kiev.ua/vosstanovlenie-zhestkogo-diska/vosstanovlenie-dannykh-s-zhestkikh-diskov-wd
Redirect 301	/vosstanovlenie-zhestkogo-diska/fujitsu.htm https://kdr.kiev.ua/vosstanovlenie-zhestkogo-diska/vosstanovlenie-hdd-fujitsu-fudzhidsu
Redirect 301	/hdd/fujitsu.htm https://kdr.kiev.ua/vosstanovlenie-zhestkogo-diska/vosstanovlenie-hdd-fujitsu-fudzhidsu
Redirect 301	/hdd-dvr.htm https://kdr.kiev.ua/vosstanovlenie-zhestkogo-diska/vosstanovlenie-dannykh-s-hdd-videoregistratora
Redirect 301	/hdd/zalipanija_bmg.htm https://kdr.kiev.ua/vosstanovlenie-zhestkogo-diska/zalipaniya-bmg-vosstanovlenie-dannykh-na-zalipshem-diske
Redirect 301	/vosstanovlenie-zhestkogo-diska/hdd-bad-recovery.htm https://kdr.kiev.ua/vosstanovlenie-zhestkogo-diska/vosstanovlenie-zhestkogo-diska-s-bad-blokami
Redirect 301	/hdd/hdd-bad-recovery.htm https://kdr.kiev.ua/vosstanovlenie-zhestkogo-diska/vosstanovlenie-zhestkogo-diska-s-bad-blokami
Redirect 301	/hdd/maxtor.htm /vosstanovlenie-zhestkogo-diska/vosstanovlenie-dannykh-maxtor
Redirect 301	/hdd/udalenie-hdd.htm https://kdr.kiev.ua/vosstanovlenie-zhestkogo-diska/vosstanovlenie-udalennykh-dannykh-s-zhestkogo-diska
Redirect 301	/vosstanovlenie-zhestkogo-diska/recovery-photo-hdd.htm https://kdr.kiev.ua/vosstanovlenie-zhestkogo-diska/vosstanovlenie-udalennykh-foto-s-zhestkogo-diska
Redirect 301	/hdd/recovery-photo-hdd.htm https://kdr.kiev.ua/vosstanovlenie-zhestkogo-diska/vosstanovlenie-udalennykh-foto-s-zhestkogo-diska
Redirect 301	/vosstanovlenie-zhestkogo-diska/vosstanovlenie-dannyx-posle-ustanovki-windows.htm https://kdr.kiev.ua/vosstanovlenie-zhestkogo-diska/vosstanovlenie-dannykh-posle-ustanovki-windows
Redirect 301	/hdd/vosstanovlenie-dannyx-posle-ustanovki-windows.htm https://kdr.kiev.ua/vosstanovlenie-zhestkogo-diska/vosstanovlenie-dannykh-posle-ustanovki-windows
Redirect 301	/hdd/vosstanovlenie-dannyx-posle-ustanovki-windows.htm https://kdr.kiev.ua/vosstanovlenie-zhestkogo-diska/vosstanovlenie-dannykh-posle-ustanovki-windows
Redirect 301	/vosstanovlenie-zhestkogo-diska/polomka-bmg-vosstanovlenie-dannyx-pri-defekte-magnitnyx-golovok.htm https://kdr.kiev.ua/vosstanovlenie-zhestkogo-diska/polomka-bmg-vosstanovlenie-dannykh-pri-defekte-magnitnykh-golovok
Redirect 301	/hdd/polomka-bmg-vosstanovlenie-dannyx-pri-defekte-magnitnyx-golovok.htm https://kdr.kiev.ua/vosstanovlenie-zhestkogo-diska/polomka-bmg-vosstanovlenie-dannykh-pri-defekte-magnitnykh-golovok
Redirect 301	/vosstanovlenie-zhestkogo-diska/toshiba.htm https://kdr.kiev.ua/vosstanovlenie-zhestkogo-diska/vosstanovlenie-dannykh-s-zhestkogo-diska-toshiba
Redirect 301	/hdd/toshiba.htm https://kdr.kiev.ua/vosstanovlenie-zhestkogo-diska/vosstanovlenie-dannykh-s-zhestkogo-diska-toshiba
Redirect 301	/vosstanovlenie-zhestkogo-diska/samsung.htm https://kdr.kiev.ua/vosstanovlenie-zhestkogo-diska/vosstanovlenie-zhestkogo-diska-samsung
Redirect 301	/hdd/samsung.htm https://kdr.kiev.ua/vosstanovlenie-zhestkogo-diska/vosstanovlenie-zhestkogo-diska-samsung
Redirect 301	/vosstanovlenie-zhestkogo-diska/vosstanovlenie-informatsii.htm https://kdr.kiev.ua/vosstanovlenie-zhestkogo-diska/vosstanovlenie-informatsii
Redirect 301	/hdd/vosstanovlenie-informatsii.htm https://kdr.kiev.ua/vosstanovlenie-zhestkogo-diska/vosstanovlenie-informatsii
Redirect 301	/vosstanovlenie-zhestkogo-diska/udalenie-hdd.htm https://kdr.kiev.ua/vosstanovlenie-zhestkogo-diska/vosstanovlenie-udalennykh-dannykh-s-zhestkogo-diska
Redirect 301	/vosstanovlenie-zhestkogo-diska/maxtor.htm /vosstanovlenie-zhestkogo-diska/vosstanovlenie-dannykh-maxtor
Redirect 301	/hdd/hitachi.htm https://kdr.kiev.ua/vosstanovlenie-zhestkogo-diska/vosstanovlenie-dannykh-zhestkogo-diska-hitachi-hgst
Redirect 301	/vosstanovlenie-zhestkogo-diska/hitachi.htm  https://kdr.kiev.ua/vosstanovlenie-zhestkogo-diska/vosstanovlenie-dannykh-zhestkogo-diska-hitachi-hgst
Redirect 301	/vosstanovlenie-zhestkogo-diska/zalipanija_bmg.htm https://kdr.kiev.ua/vosstanovlenie-zhestkogo-diska/zalipaniya-bmg-vosstanovlenie-dannykh-na-zalipshem-diske
Redirect 301	/vosstanovlenie-zhestkogo-diska/apple_mac.htm https://kdr.kiev.ua/vosstanovlenie-zhestkogo-diska/vosstanovlenie-dannykh-apple-mac
Redirect 301	/vosstanovlenie-zhestkogo-diska/vosstanovlenie_razdela.htm https://kdr.kiev.ua/vosstanovlenie-zhestkogo-diska/vosstanovlenie-dannykh-s-udalennogo-razdela
Redirect 301	/vosstanovlenie-zhestkogo-diska/formatirovanija-HDD.htm https://kdr.kiev.ua/vosstanovlenie-zhestkogo-diska/vosstanovlenie-dannykh-s-zhestkogo-diska-posle-formatirovaniya
Redirect 301	/news/windows-10-popytaetsja-predotvratit-poterju-dannyx-pri-problemax-s-diskom-ssd.htm	https://kdr.kiev.ua/windows-10-popytaetsya-predotvratit-poteryu-dannykh-pri-problemakh-s-diskom-ssd
Redirect 301 /news/intel-prekratit-vypusk-serii-ssd-665p-v-nachale-2021-goda.htm https://kdr.kiev.ua/vazhno-znat/intel-prekratit-vypusk-serii-ssd-665p-v-nachale-2021-goda
Redirect 301 /sitemap https://kdr.kiev.ua/sitemap.xml
Redirect 301 /uk/vazhlivo-znati/tsini-na-vidnovlennya-danikh-znizheni https://kdr.kiev.ua/uk/vazhlivo-znati
Redirect 301 /uk/vazhlivo-znati/kingston-predstavila-usb-nakopichuvachi-z-shifruvannyam-emnistyu-128-gbajt-2 https://kdr.kiev.ua/uk/vazhlivo-znati/kingston-predstavila-usb-nakopichuvachi-z-shifruvannyam-emnistyu-128-gbajt
Redirect 301 /news/sandisk_namerevaetsja_zavoevat_rynok_ssd.htm https://kdr.kiev.ua/vazhno-znat/sandisk-namerevaetsya-zavoevat-rynok-ssd
Redirect 301 /recovery-ssd/ssd-samsung.htm https://kdr.kiev.ua/vosstanolenie-ssd-diskov/vosstanovlenie-ssd-samsung
Redirect 301 /recovery-ssd/remont-ssd.htm https://kdr.kiev.ua/vosstanolenie-ssd-diskov/remont-ssd
Redirect 301 /card/sd_sp.htm https://kdr.kiev.ua/sd-data-recovery/vosstanovlenie-dannykh-sd-karty-silicon-power
Redirect 301 /vosstanolenie-s-kart-pamyati/sd_sp.htm https://kdr.kiev.ua/sd-data-recovery/vosstanovlenie-dannykh-sd-karty-silicon-power
Redirect 301 /vosstanolenie-raid/vidnovlennya-danikh-z-telefoniv https://kdr.kiev.ua/vosstanolenie-raid
Redirect 301 /sd-data-recovery/vidnovlennya-danikh-z-telefoniv https://kdr.kiev.ua/sd-data-recovery
Redirect 301 /card/cf.htm https://kdr.kiev.ua/vosstanolenie-s-kart-pamyati/vosstanovlenie-dannykh-s-compact-flash
Redirect 301 /vosstanolenie-s-kart-pamyati/cf.htm https://kdr.kiev.ua/vosstanolenie-s-kart-pamyati/vosstanovlenie-dannykh-s-compact-flash
Redirect 301 /cf.htm https://kdr.kiev.ua/vosstanolenie-s-kart-pamyati/vosstanovlenie-dannykh-s-compact-flash
Redirect 301 /vosstanolenie-s-telefonov/vidnovlennya-danikh-z-telefoniv https://kdr.kiev.ua/vosstanolenie-s-telefonov
Redirect 301 /card/microsd_sandisk.htm https://kdr.kiev.ua/vosstanovlenie-micro-sd/vosstanovlenie-microsd-sandisk
Redirect 301 /vosstanolenie-s-kart-pamyati/microsd_sandisk.htm https://kdr.kiev.ua/vosstanovlenie-micro-sd/vosstanovlenie-microsd-sandisk
Redirect 301 /vosstanovlenie_dannyx/cf.htm https://kdr.kiev.ua/vosstanolenie-s-kart-pamyati/vosstanovlenie-dannykh-s-compact-flash
Redirect 301 /vosstanovlenie-zhestkogo-diska/vosstanovlenie-dannykh-s-zhestkogo-diska https://kdr.kiev.ua/vosstanovlenie-zhestkogo-diska
Redirect 301 /remont_hdd/ https://kdr.kiev.ua/vosstanovlenie-zhestkogo-diska/remont-zhestkogo-diska
Redirect 301 /vosstanovlenie_dannyx/vosstanovlenie_udalennyx_fajlov.htm https://kdr.kiev.ua/vosstanovlenie-zhestkogo-diska/vosstanovlenie-udalennykh-dannykh-s-zhestkogo-diska
Redirect 301 /vosstanolenie-ssd-diskov/remont-ssd.htm https://kdr.kiev.ua/vosstanolenie-ssd-diskov/remont-ssd
Redirect 301 /raid/ https://kdr.kiev.ua/vosstanolenie-raid
Redirect 301 /usb-hdd/vosstanovlenie_dannyx_s_vneshnego_zhestkogo_diska_western_digital.htm https://kdr.kiev.ua/vosstanovlenie-vneshnego-zhestkogo-diska/vosstanovlenie-dannykh-s-vneshnego-zhestkogo-diska-western-digital
Redirect 301 /vosstanovlenie-vneshnego-zhestkogo-diska/wd.htm https://kdr.kiev.ua/vosstanovlenie-vneshnego-zhestkogo-diska/vosstanovlenie-dannykh-s-vneshnego-zhestkogo-diska-western-digital
Redirect 301 /card/vosstanovlenie_dannyx_s_xd_kart_pamjati.htm https://kdr.kiev.ua/vosstanolenie-s-kart-pamyati/vosstanovlenie-dannykh-s-xd-kart-pamyati


